rxn,formula,GPR,pathwayAuto,pathway,pathway_major
r_0115,ATP [mitochondrion] + N-acetyl-L-glutamate [mitochondrion]  -> ADP [mitochondrion] + N-acetyl-L-gamma-glutamyl phosphate [mitochondrion] ,YER069W,sce00220  Arginine biosynthesis,Arginine biosynthesis,Arginine biosynthesis
r_0118,2-acetamido-5-oxopentanoate [mitochondrion] + L-glutamate [mitochondrion]  -> 2-oxoglutarate [mitochondrion] + N(2)-acetyl-L-ornithine [mitochondrion] ,YOL140W,sce00220  Arginine biosynthesis,Arginine biosynthesis,Arginine biosynthesis
r_0207,(N(omega)-L-arginino)succinic acid [cytoplasm]  <=> fumarate [cytoplasm] + L-arginine [cytoplasm] ,YHR018C,sce00220  Arginine biosynthesis,Arginine biosynthesis,Arginine biosynthesis
r_0208,ATP [cytoplasm] + L-aspartate [cytoplasm] + L-citrulline [cytoplasm]  <=> (N(omega)-L-arginino)succinic acid [cytoplasm] + AMP [cytoplasm] + diphosphate [cytoplasm] + H+ [cytoplasm] ,YOL058W,sce00220  Arginine biosynthesis,Arginine biosynthesis,Arginine biosynthesis
r_0216,2-oxoglutarate [cytoplasm] + L-aspartate [cytoplasm]  <=> L-glutamate [cytoplasm] + oxaloacetate [cytoplasm] ,YLR027C,sce00220  Arginine biosynthesis,Arginine biosynthesis,Arginine biosynthesis
r_0471,2-oxoglutarate [cytoplasm] + ammonium [cytoplasm] + H+ [cytoplasm] + NADPH [cytoplasm]  -> H2O [cytoplasm] + L-glutamate [cytoplasm] + NADP(+) [cytoplasm] ,( YAL062W or YOR375C ),sce00220  Arginine biosynthesis,Arginine biosynthesis,Arginine biosynthesis
r_0759,H+ [mitochondrion] + N-acetyl-L-gamma-glutamyl phosphate [mitochondrion] + NADPH [mitochondrion]  -> 2-acetamido-5-oxopentanoate [mitochondrion] + NADP(+) [mitochondrion] + phosphate [mitochondrion] ,YER069W,sce00220  Arginine biosynthesis,Arginine biosynthesis,Arginine biosynthesis
r_0816,carbamoyl phosphate [cytoplasm] + ornithine [cytoplasm]  -> H+ [cytoplasm] + L-citrulline [cytoplasm] + phosphate [cytoplasm] ,YJL088W,sce00220  Arginine biosynthesis,Arginine biosynthesis,Arginine biosynthesis
r_0818,L-glutamate [mitochondrion] + N(2)-acetyl-L-ornithine [mitochondrion]  -> N-acetyl-L-glutamate [mitochondrion] + ornithine [mitochondrion] ,YMR062C,sce00220  Arginine biosynthesis,Arginine biosynthesis,Arginine biosynthesis
r_0109,acetyl-CoA [cytoplasm] + ATP [cytoplasm] + bicarbonate [cytoplasm]  -> ADP [cytoplasm] + H+ [cytoplasm] + malonyl-CoA [cytoplasm] + phosphate [cytoplasm] ,( YDL141W and YNR016C ),sce00061  Fatty acid biosynthesis,Fatty acid biosynthesis,FA and PL metabolism
r_2140,acetyl-CoA [cytoplasm] + 21 H+ [cytoplasm] + 7 malonyl-CoA [cytoplasm] + 14 NADPH [cytoplasm]  -> 7 carbon dioxide [cytoplasm] + 7 coenzyme A [cytoplasm] + 7 H2O [cytoplasm] + 14 NADP(+) [cytoplasm] + palmitoyl-CoA [cytoplasm] ,( YKL182W and YPL231W ),sce00061  Fatty acid biosynthesis,Fatty acid biosynthesis,FA and PL metabolism
r_2141,acetyl-CoA [cytoplasm] + 24 H+ [cytoplasm] + 8 malonyl-CoA [cytoplasm] + 16 NADPH [cytoplasm]  -> 8 carbon dioxide [cytoplasm] + 8 coenzyme A [cytoplasm] + 8 H2O [cytoplasm] + 16 NADP(+) [cytoplasm] + stearoyl-CoA [cytoplasm] ,( YKL182W and YPL231W ),sce00061  Fatty acid biosynthesis,Fatty acid biosynthesis,FA and PL metabolism
r_0722,D-mannose 1-phosphate [cytoplasm] + GTP [cytoplasm] + H+ [cytoplasm]  -> diphosphate [cytoplasm] + GDP-alpha-D-mannose [cytoplasm] ,YDL055C,sce00051  Fructose and mannose metabolism,Fructose and mannose metabolism,"Fructose, mannose, sucrose, trahelose and glucan metabolism"
r_0723,D-mannose 6-phosphate [cytoplasm]  <=> D-fructose 6-phosphate [cytoplasm] ,YER003C,sce00051  Fructose and mannose metabolism,Fructose and mannose metabolism,"Fructose, mannose, sucrose, trahelose and glucan metabolism"
r_0902,D-mannose 1-phosphate [cytoplasm]  <=> D-mannose 6-phosphate [cytoplasm] ,YFL045C,sce00051  Fructose and mannose metabolism,Fructose and mannose metabolism,"Fructose, mannose, sucrose, trahelose and glucan metabolism"
r_0005,UDP-D-glucose [cytoplasm]  -> (1->3)-beta-D-glucan [cell envelope] + H+ [cytoplasm] + UDP [cytoplasm] ,( YGR032W or YMR306W or ( YLR342W and YCR034W )),sce00500  Starch and sucrose metabolism,Glucan metabolism,"Fructose, mannose, sucrose, trahelose and glucan metabolism"
r_0361,dolichyl phosphate [cytoplasm] + GDP-alpha-D-mannose [cytoplasm]  -> dolichyl D-mannosyl phosphate [endoplasmic reticulum] + GDP [cytoplasm] ,YPR183W,sce00510  N-Glycan biosynthesis,Glucan metabolism,"Fructose, mannose, sucrose, trahelose and glucan metabolism"
r_0362,dolichyl D-mannosyl phosphate [endoplasmic reticulum]  -> dolichyl phosphate [endoplasmic reticulum] + H+ [endoplasmic reticulum] + mannan [endoplasmic reticulum] ,(( YAL023C and YDL095W ) or YDL093W or YJR143C or YOR321W ),sce00514  Other types of O-glycan biosynthesis,Glucan metabolism,"Fructose, mannose, sucrose, trahelose and glucan metabolism"
r_0489,glycerol 3-phosphate [cytoplasm] + H2O [cytoplasm]  -> glycerol [cytoplasm] + phosphate [cytoplasm] ,( YER062C or YIL053W ),sce00561  Glycerolipid metabolism,Glycerophospholipid metabolism,FA and PL metabolism
r_0491,dihydroxyacetone phosphate [cytoplasm] + H+ [cytoplasm] + NADH [cytoplasm]  -> glycerol 3-phosphate [cytoplasm] + NAD [cytoplasm] ,( YDL022W or YOL059W ),sce00564  Glycerophospholipid metabolism,Glycerophospholipid metabolism,FA and PL metabolism
r_0366,2-phospho-D-glyceric acid [cytoplasm]  <=> H2O [cytoplasm] + phosphoenolpyruvate [cytoplasm] ,( YPL281C or YGR254W or YHR174W or YMR323W or YOR393W ),Gluconeogenesis,Glycolysis,central carbon metabolism
r_0450,"D-fructose 1,6-bisphosphate [cytoplasm]  <=> dihydroxyacetone phosphate [cytoplasm] + glyceraldehyde 3-phosphate [cytoplasm] ",YKL060C,Gluconeogenesis,Glycolysis,central carbon metabolism
r_0467,D-glucose 6-phosphate [cytoplasm]  <=> D-fructose 6-phosphate [cytoplasm] ,YBR196C,Gluconeogenesis,Glycolysis,central carbon metabolism
r_0486,"glyceraldehyde 3-phosphate [cytoplasm] + NAD [cytoplasm] + phosphate [cytoplasm]  <=> 1,3-bisphospho-D-glycerate [cytoplasm] + H+ [cytoplasm] + NADH [cytoplasm] ",( YGR192C or YJL052W or YJR009C ),Gluconeogenesis,Glycolysis,central carbon metabolism
r_0534,ATP [cytoplasm] + D-glucose [cytoplasm]  -> ADP [cytoplasm] + D-glucose 6-phosphate [cytoplasm] + H+ [cytoplasm] ,( YLR446W or YCL040W or YFR053C or YGL253W ),Gluconeogenesis,Glycolysis,central carbon metabolism
r_0886,"ATP [cytoplasm] + D-fructose 6-phosphate [cytoplasm]  -> ADP [cytoplasm] + D-fructose 1,6-bisphosphate [cytoplasm] + H+ [cytoplasm] ",( YMR205C or ( YGR240C and YMR205C )),Gluconeogenesis,Glycolysis,central carbon metabolism
r_0892,"1,3-bisphospho-D-glycerate [cytoplasm] + ADP [cytoplasm]  <=> 3-phosphonato-D-glycerate(3-) [cytoplasm] + ATP [cytoplasm] ",YCR012W,Gluconeogenesis,Glycolysis,central carbon metabolism
r_0893,3-phosphonato-D-glycerate(3-) [cytoplasm]  <=> 2-phospho-D-glyceric acid [cytoplasm] ,( YOR283W or YKL152C ),Gluconeogenesis,Glycolysis,central carbon metabolism
r_0959,H+ [cytoplasm] + pyruvate [cytoplasm]  -> acetaldehyde [cytoplasm] + carbon dioxide [cytoplasm] ,( YGR087C or YLR044C or YLR134W ),Gluconeogenesis,Glycolysis,central carbon metabolism
r_0962,ADP [cytoplasm] + H+ [cytoplasm] + phosphoenolpyruvate [cytoplasm]  -> ATP [cytoplasm] + pyruvate [cytoplasm] ,( YAL038W or YOR347C ),Gluconeogenesis,Glycolysis,central carbon metabolism
r_1054,dihydroxyacetone phosphate [cytoplasm]  <=> glyceraldehyde 3-phosphate [cytoplasm] ,YDR050C,Gluconeogenesis,Glycolysis,central carbon metabolism
r_0007,1-(5-phospho-D-ribosyl)-5-[(5-phospho-D-ribosylamino)methylideneamino]imidazole-4-carboxamide [cytoplasm]  -> 5-[(5-phospho-1-deoxy-D-ribulos-1-ylamino)methylideneamino]-1-(5-phospho-D-ribosyl)imidazole-4-carboxamide [cytoplasm] ,YIL020C,sce00340  Histidine metabolism,Histidine metabolism,Histidine metabolism
r_0225,ATP [cytoplasm] + PRPP [cytoplasm]  -> 5-phosphoribosyl-ATP [cytoplasm] + diphosphate [cytoplasm] ,YER055C,sce00340  Histidine metabolism,Histidine metabolism,Histidine metabolism
r_0536,H2O [cytoplasm] + L-histidinol [cytoplasm] + 2 NAD [cytoplasm]  -> 3 H+ [cytoplasm] + L-histidine [cytoplasm] + 2 NADH [cytoplasm] ,YCL030C,sce00340  Histidine metabolism,Histidine metabolism,Histidine metabolism
r_0537,H2O [cytoplasm] + L-histidinol phosphate [cytoplasm]  -> L-histidinol [cytoplasm] + phosphate [cytoplasm] ,YFR025C,sce00340  Histidine metabolism,Histidine metabolism,Histidine metabolism
r_0538,3-(imidazol-4-yl)-2-oxopropyl dihydrogen phosphate [cytoplasm] + L-glutamate [cytoplasm]  -> 2-oxoglutarate [cytoplasm] + L-histidinol phosphate [cytoplasm] ,YIL116W,sce00340  Histidine metabolism,Histidine metabolism,Histidine metabolism
r_0563,5-[(5-phospho-1-deoxy-D-ribulos-1-ylamino)methylideneamino]-1-(5-phospho-D-ribosyl)imidazole-4-carboxamide [cytoplasm] + L-glutamine [cytoplasm]  -> AICAR [cytoplasm] + D-erythro-1-(imidazol-4-yl)glycerol 3-phosphate [cytoplasm] + H+ [cytoplasm] + L-glutamate [cytoplasm] ,YBR248C,sce00340  Histidine metabolism,Histidine metabolism,Histidine metabolism
r_0564,D-erythro-1-(imidazol-4-yl)glycerol 3-phosphate [cytoplasm]  -> 3-(imidazol-4-yl)-2-oxopropyl dihydrogen phosphate [cytoplasm] + H2O [cytoplasm] ,YOR202W,sce00340  Histidine metabolism,Histidine metabolism,Histidine metabolism
r_0909,1-(5-phosphoribosyl)-5'-AMP [cytoplasm] + H2O [cytoplasm]  -> 1-(5-phospho-D-ribosyl)-5-[(5-phospho-D-ribosylamino)methylideneamino]imidazole-4-carboxamide [cytoplasm] ,YCL030C,sce00340  Histidine metabolism,Histidine metabolism,Histidine metabolism
r_0910,5-phosphoribosyl-ATP [cytoplasm] + H2O [cytoplasm]  -> 1-(5-phosphoribosyl)-5'-AMP [cytoplasm] + diphosphate [cytoplasm] + H+ [cytoplasm] ,YCL030C,sce00340  Histidine metabolism,Histidine metabolism,Histidine metabolism
r_0018,2-oxoadipic acid [cytoplasm] + L-glutamate [cytoplasm]  <=> 2-oxoglutarate [cytoplasm] + L-2-aminoadipate [cytoplasm] ,( YER152C or YGL202W or YJL060W ),sce00130  Ubiquinone and other terpenoid-quinone biosynthesis,Lysine biosynthesis,Lysine biosynthesis
r_0027,"homocitrate [mitochondrion]  <=> but-1-ene-1,2,4-tricarboxylic acid [mitochondrion] + H2O [mitochondrion] ",YDR234W,sce00300  Lysine biosynthesis,Lysine biosynthesis,Lysine biosynthesis
r_0542,"but-1-ene-1,2,4-tricarboxylic acid [mitochondrion] + H2O [mitochondrion]  <=> homoisocitrate [mitochondrion] ",( YJL200C or YDR234W ),sce00300  Lysine biosynthesis,Lysine biosynthesis,Lysine biosynthesis
r_0545,homoisocitrate [mitochondrion] + NAD [mitochondrion]  -> 2-oxoadipic acid [mitochondrion] + carbon dioxide [mitochondrion] + H+ [mitochondrion] + NADH [mitochondrion] ,YIL094C,sce00300  Lysine biosynthesis,Lysine biosynthesis,Lysine biosynthesis
r_0678,ATP [cytoplasm] + H+ [cytoplasm] + L-2-aminoadipate [cytoplasm] + NADPH [cytoplasm]  -> AMP [cytoplasm] + diphosphate [cytoplasm] + L-allysine [cytoplasm] + NADP(+) [cytoplasm] ,( YBR115C and YGL154C ),sce00300  Lysine biosynthesis,Lysine biosynthesis,Lysine biosynthesis
r_0988,H2O [cytoplasm] + L-saccharopine [cytoplasm] + NAD [cytoplasm]  -> 2-oxoglutarate [cytoplasm] + H+ [cytoplasm] + L-lysine [cytoplasm] + NADH [cytoplasm] ,YIR034C,sce00300  Lysine biosynthesis,Lysine biosynthesis,Lysine biosynthesis
r_0989,H+ [cytoplasm] + L-allysine [cytoplasm] + L-glutamate [cytoplasm] + NADPH [cytoplasm]  -> H2O [cytoplasm] + L-saccharopine [cytoplasm] + NADP(+) [cytoplasm] ,YNR050C,sce00300  Lysine biosynthesis,Lysine biosynthesis,Lysine biosynthesis
r_1838,2-oxoglutarate [mitochondrion] + acetyl-CoA [mitochondrion] + H2O [mitochondrion]  -> coenzyme A [mitochondrion] + H+ [mitochondrion] + homocitrate [mitochondrion] ,( YDL131W or YDL182W ),sce00300  Lysine biosynthesis,Lysine biosynthesis,Lysine biosynthesis
r_0080,"5,10-methylenetetrahydrofolate [cytoplasm] + 2 H+ [cytoplasm] + NADPH [cytoplasm]  -> 5-methyltetrahydrofolate [cytoplasm] + NADP(+) [cytoplasm] ",( YGL125W or YPL023C ),sce00670  One carbon pool by folate,One carbon pool by folate,"Methionine, folate and sulfur metabolism"
r_0215,ATP [cytoplasm] + L-aspartate [cytoplasm]  -> 4-phospho-L-aspartate [cytoplasm] + ADP [cytoplasm] ,YER052C,"sce00260  Glycine, serine and threonine metabolism",Methionine biosynthesis/Sulfate metabolism,"Methionine, folate and sulfur metabolism"
r_0219,4-phospho-L-aspartate [cytoplasm] + H+ [cytoplasm] + NADPH [cytoplasm]  -> L-aspartate 4-semialdehyde [cytoplasm] + NADP(+) [cytoplasm] + phosphate [cytoplasm] ,YDR158W,"sce00260  Glycine, serine and threonine metabolism",Methionine biosynthesis/Sulfate metabolism,"Methionine, folate and sulfur metabolism"
r_0547,H+ [cytoplasm] + L-aspartate 4-semialdehyde [cytoplasm] + NADPH [cytoplasm]  -> L-homoserine [cytoplasm] + NADP(+) [cytoplasm] ,YJR139C,"sce00260  Glycine, serine and threonine metabolism",Methionine biosynthesis/Sulfate metabolism,"Methionine, folate and sulfur metabolism"
r_0549,acetyl-CoA [cytoplasm] + L-homoserine [cytoplasm]  -> coenzyme A [cytoplasm] + O-acetyl-L-homoserine [cytoplasm] ,YNL277W,sce00270  Cysteine and methionine metabolism,Methionine biosynthesis/Sulfate metabolism,"Methionine, folate and sulfur metabolism"
r_0727,5-methyltetrahydrofolate [cytoplasm] + L-homocysteine [cytoplasm]  -> H+ [cytoplasm] + L-methionine [cytoplasm] + THF [cytoplasm] ,YER091C,sce00270  Cysteine and methionine metabolism,Methionine biosynthesis/Sulfate metabolism,"Methionine, folate and sulfur metabolism"
r_0813,hydrogen sulfide [cytoplasm] + O-acetyl-L-homoserine [cytoplasm]  -> acetate [cytoplasm] + H+ [cytoplasm] + L-homocysteine [cytoplasm] ,YLR303W,sce00270  Cysteine and methionine metabolism,Methionine biosynthesis/Sulfate metabolism,"Methionine, folate and sulfur metabolism"
r_1936,dihydroxyacetone phosphate [cytoplasm]  -> methylglyoxal [cytoplasm] + phosphate [cytoplasm] ,0,0,Methylglyoxal production,central carbon metabolism
r_0439,2 ferricytochrome c [mitochondrion] + 1.266 H+ [mitochondrion] + ubiquinol-6 [mitochondrion]  -> 2 ferrocytochrome c [mitochondrion] + 2.532 H+ [cytoplasm] + ubiquinone-6 [mitochondrion] ,(( Q0105 and YBL045C and YDR529C and YEL024W and YEL039C and YFR033C and YGR183C and YHR001W-A and YJL166W and YOR065W and YPR191W ) or ( Q0105 and YBL045C and YDR529C and YEL024W and YFR033C and YGR183C and YHR001W-A and YJL166W and YJR048W and YOR065W and YPR191W )),sce00190  Oxidative phosphorylation,Oxidative phosphorylation,central carbon metabolism
r_0916,ATP [cytoplasm] + ribose-5-phosphate [cytoplasm]  -> AMP [cytoplasm] + H+ [cytoplasm] + PRPP [cytoplasm] ,(( YKL181W and YER099C ) or ( YKL181W and YHL011C ) or ( YKL181W and YBL068W ) or ( YER099C and YOL061W ) or ( YBL068W and YOL061W )),sce00030  Pentose phosphate pathway,Pentose phosphate pathway,central carbon metabolism
r_0039,3-dehydroquinate [cytoplasm]  -> 3-dehydroshikimate [cytoplasm] + H2O [cytoplasm] ,YDR127W,"sce00400  Phenylalanine, tyrosine and tryptophan biosynthesis","Phenylalanine, tyrosine and tryptophan biosynthesis","Phenylalanine, tyrosine and tryptophan biosynthesis"
r_0040,7-phospho-2-dehydro-3-deoxy-D-arabino-heptonic acid [cytoplasm]  -> 3-dehydroquinate [cytoplasm] + phosphate [cytoplasm] ,YDR127W,"sce00400  Phenylalanine, tyrosine and tryptophan biosynthesis","Phenylalanine, tyrosine and tryptophan biosynthesis","Phenylalanine, tyrosine and tryptophan biosynthesis"
r_0042,D-erythrose 4-phosphate [cytoplasm] + H2O [cytoplasm] + phosphoenolpyruvate [cytoplasm]  -> 7-phospho-2-dehydro-3-deoxy-D-arabino-heptonic acid [cytoplasm] + phosphate [cytoplasm] ,( YBR249C or YDR035W ),"sce00400  Phenylalanine, tyrosine and tryptophan biosynthesis","Phenylalanine, tyrosine and tryptophan biosynthesis","Phenylalanine, tyrosine and tryptophan biosynthesis"
r_0065,3-phosphoshikimic acid [cytoplasm] + phosphoenolpyruvate [cytoplasm]  -> 5-O-(1-carboxyvinyl)-3-phosphoshikimic acid [cytoplasm] + phosphate [cytoplasm] ,YDR127W,"sce00400  Phenylalanine, tyrosine and tryptophan biosynthesis","Phenylalanine, tyrosine and tryptophan biosynthesis","Phenylalanine, tyrosine and tryptophan biosynthesis"
r_0278,chorismate [cytoplasm]  -> prephenate [cytoplasm] ,YPR060C,"sce00400  Phenylalanine, tyrosine and tryptophan biosynthesis","Phenylalanine, tyrosine and tryptophan biosynthesis","Phenylalanine, tyrosine and tryptophan biosynthesis"
r_0279,5-O-(1-carboxyvinyl)-3-phosphoshikimic acid [cytoplasm]  -> chorismate [cytoplasm] + phosphate [cytoplasm] ,YGL148W,"sce00400  Phenylalanine, tyrosine and tryptophan biosynthesis","Phenylalanine, tyrosine and tryptophan biosynthesis","Phenylalanine, tyrosine and tryptophan biosynthesis"
r_0938,H+ [cytoplasm] + prephenate [cytoplasm]  -> carbon dioxide [cytoplasm] + H2O [cytoplasm] + keto-phenylpyruvate [cytoplasm] ,YNL316C,"sce00400  Phenylalanine, tyrosine and tryptophan biosynthesis","Phenylalanine, tyrosine and tryptophan biosynthesis","Phenylalanine, tyrosine and tryptophan biosynthesis"
r_0939,NADP(+) [cytoplasm] + prephenate [cytoplasm]  -> 3-(4-hydroxyphenyl)pyruvate [cytoplasm] + carbon dioxide [cytoplasm] + NADPH [cytoplasm] ,YBR166C,"sce00400  Phenylalanine, tyrosine and tryptophan biosynthesis","Phenylalanine, tyrosine and tryptophan biosynthesis","Phenylalanine, tyrosine and tryptophan biosynthesis"
r_0996,3-dehydroshikimate [cytoplasm] + H+ [cytoplasm] + NADPH [cytoplasm]  -> NADP(+) [cytoplasm] + shikimate [cytoplasm] ,YDR127W,"sce00400  Phenylalanine, tyrosine and tryptophan biosynthesis","Phenylalanine, tyrosine and tryptophan biosynthesis","Phenylalanine, tyrosine and tryptophan biosynthesis"
r_0997,ATP [cytoplasm] + shikimate [cytoplasm]  -> 3-phosphoshikimic acid [cytoplasm] + ADP [cytoplasm] + H+ [cytoplasm] ,YDR127W,"sce00400  Phenylalanine, tyrosine and tryptophan biosynthesis","Phenylalanine, tyrosine and tryptophan biosynthesis","Phenylalanine, tyrosine and tryptophan biosynthesis"
r_0468,ATP [cytoplasm] + L-glutamate [cytoplasm]  -> ADP [cytoplasm] + L-gamma-glutamyl phosphate [cytoplasm] ,YDR300C,sce00330  Arginine and proline metabolism,Proline biosynthesis,Proline biosynthesis
r_0473,H+ [cytoplasm] + L-gamma-glutamyl phosphate [cytoplasm] + NADPH [cytoplasm]  -> L-glutamic 5-semialdehyde [cytoplasm] + NADP(+) [cytoplasm] + phosphate [cytoplasm] ,YOR323C,sce00330  Arginine and proline metabolism,Proline biosynthesis,Proline biosynthesis
r_0957,1-pyrroline-5-carboxylate [cytoplasm] + 2 H+ [cytoplasm] + NADPH [cytoplasm]  -> L-proline [cytoplasm] + NADP(+) [cytoplasm] ,YER023W,sce00330  Arginine and proline metabolism,Proline biosynthesis,Proline biosynthesis
r_1887,L-glutamic 5-semialdehyde [cytoplasm]  <=> 1-pyrroline-5-carboxylate [cytoplasm] + H+ [cytoplasm] + H2O [cytoplasm] ,0,0,Proline biosynthesis,Proline biosynthesis
r_0079,5'-phosphoribosyl-N-formylglycineamide [cytoplasm] + ATP [cytoplasm] + H2O [cytoplasm] + L-glutamine [cytoplasm]  -> 5'-phosphoribosyl-N-formylglycineamidine [cytoplasm] + ADP [cytoplasm] + H+ [cytoplasm] + L-glutamate [cytoplasm] + phosphate [cytoplasm] ,YGR061C,sce00230  Purine metabolism,Purine metabolism,Purine metabolism
r_0151,5'-phosphoribosyl-4-(N-succinocarboxamide)-5-aminoimidazole [cytoplasm]  -> AICAR [cytoplasm] + fumarate [cytoplasm] ,YLR359W,sce00230  Purine metabolism,Purine metabolism,Purine metabolism
r_0152,adenylo-succinate [cytoplasm]  <=> AMP [cytoplasm] + fumarate [cytoplasm] ,YLR359W,sce00230  Purine metabolism,Purine metabolism,Purine metabolism
r_0153,GTP [cytoplasm] + IMP [cytoplasm] + L-aspartate [cytoplasm]  -> adenylo-succinate [cytoplasm] + GDP [cytoplasm] + 2 H+ [cytoplasm] + phosphate [cytoplasm] ,YNL220W,sce00230  Purine metabolism,Purine metabolism,Purine metabolism
r_0499,10-formyl-THF [cytoplasm] + 5-phospho-ribosyl-glycineamide [cytoplasm]  -> 5'-phosphoribosyl-N-formylglycineamide [cytoplasm] + H+ [cytoplasm] + THF [cytoplasm] ,YDR408C,sce00230  Purine metabolism,Purine metabolism,Purine metabolism
r_0514,ATP [cytoplasm] + H2O [cytoplasm] + L-glutamine [cytoplasm] + xanthosine-5-phosphate [cytoplasm]  -> AMP [cytoplasm] + diphosphate [cytoplasm] + GMP [cytoplasm] + 2 H+ [cytoplasm] + L-glutamate [cytoplasm] ,YMR217W,sce00230  Purine metabolism,Purine metabolism,Purine metabolism
r_0528,ATP [cytoplasm] + GMP [cytoplasm]  -> ADP [cytoplasm] + GDP [cytoplasm] ,YDR454C,sce00230  Purine metabolism,Purine metabolism,Purine metabolism
r_0565,H2O [cytoplasm] + IMP [cytoplasm] + NAD [cytoplasm]  -> H+ [cytoplasm] + NADH [cytoplasm] + xanthosine-5-phosphate [cytoplasm] ,( YHR216W or YLR432W or YML056C ),sce00230  Purine metabolism,Purine metabolism,Purine metabolism
r_0570,phosphoribosyl-formamido-carboxamide [cytoplasm]  <=> H2O [cytoplasm] + IMP [cytoplasm] ,( YLR028C or YMR120C ),sce00230  Purine metabolism,Purine metabolism,Purine metabolism
r_0855,5'-phosphoribosyl-N-formylglycineamidine [cytoplasm] + ATP [cytoplasm]  -> 5'-phosphoribosyl-5-aminoimidazole [cytoplasm] + ADP [cytoplasm] + 2 H+ [cytoplasm] + phosphate [cytoplasm] ,YGL234W,sce00230  Purine metabolism,Purine metabolism,Purine metabolism
r_0908,ATP [cytoplasm] + L-aspartate [cytoplasm] + phosphoribosyl-carboxy-aminoimidazole [cytoplasm]  -> 5'-phosphoribosyl-4-(N-succinocarboxamide)-5-aminoimidazole [cytoplasm] + ADP [cytoplasm] + H+ [cytoplasm] + phosphate [cytoplasm] ,YAR015W,sce00230  Purine metabolism,Purine metabolism,Purine metabolism
r_0911,5'-phosphoribosyl-5-aminoimidazole [cytoplasm] + ATP [cytoplasm] + carbon dioxide [cytoplasm] + H2O [cytoplasm]  -> ADP [cytoplasm] + H+ [cytoplasm] + phosphate [cytoplasm] + phosphoribosyl-carboxy-aminoimidazole [cytoplasm] ,YOR128C,sce00230  Purine metabolism,Purine metabolism,Purine metabolism
r_0912,10-formyl-THF [cytoplasm] + AICAR [cytoplasm]  <=> phosphoribosyl-formamido-carboxamide [cytoplasm] + THF [cytoplasm] ,( YLR028C or YMR120C ),sce00230  Purine metabolism,Purine metabolism,Purine metabolism
r_0914,5-phosphoribosylamine [cytoplasm] + ATP [cytoplasm] + L-glycine [cytoplasm]  -> 5-phospho-ribosyl-glycineamide [cytoplasm] + ADP [cytoplasm] + H+ [cytoplasm] + phosphate [cytoplasm] ,YGL234W,sce00230  Purine metabolism,Purine metabolism,Purine metabolism
r_0915,H2O [cytoplasm] + L-glutamine [cytoplasm] + PRPP [cytoplasm]  -> 5-phosphoribosylamine [cytoplasm] + diphosphate [cytoplasm] + L-glutamate [cytoplasm] ,YMR300C,sce00230  Purine metabolism,Purine metabolism,Purine metabolism
r_0214,carbamoyl phosphate [cytoplasm] + L-aspartate [cytoplasm]  -> H+ [cytoplasm] + N-carbamoyl-L-aspartate [cytoplasm] + phosphate [cytoplasm] ,YJL130C,sce00240  Pyrimidine metabolism,Pyrimidine metabolism,Pyrimidine metabolism
r_0349,(S)-dihydroorotate [cytoplasm] + H2O [cytoplasm]  <=> H+ [cytoplasm] + N-carbamoyl-L-aspartate [cytoplasm] ,YLR420W,sce00240  Pyrimidine metabolism,Pyrimidine metabolism,Pyrimidine metabolism
r_0820,diphosphate [cytoplasm] + orotidine 5'-(dihydrogen phosphate) [cytoplasm]  <=> orotate [cytoplasm] + PRPP [cytoplasm] ,( YML106W or YMR271C ),sce00240  Pyrimidine metabolism,Pyrimidine metabolism,Pyrimidine metabolism
r_0821,H+ [cytoplasm] + orotidine 5'-(dihydrogen phosphate) [cytoplasm]  -> carbon dioxide [cytoplasm] + UMP [cytoplasm] ,YEL021W,sce00240  Pyrimidine metabolism,Pyrimidine metabolism,Pyrimidine metabolism
r_1074,PRPP [cytoplasm] + uracil [cytoplasm]  -> diphosphate [cytoplasm] + UMP [cytoplasm] ,YHR128W,sce00240  Pyrimidine metabolism,Pyrimidine metabolism,Pyrimidine metabolism
r_0718,(S)-malate [mitochondrion] + NAD [mitochondrion]  -> carbon dioxide [mitochondrion] + NADH [mitochondrion] + pyruvate [mitochondrion] ,YKL029C,sce00620  Pyruvate metabolism,Pyruvate metabolism,central carbon metabolism
r_0958,ATP [cytoplasm] + bicarbonate [cytoplasm] + pyruvate [cytoplasm]  -> ADP [cytoplasm] + H+ [cytoplasm] + oxaloacetate [cytoplasm] + phosphate [cytoplasm] ,( YBR218C or YGL062W ),sce00020  Citrate cycle (TCA cycle),Pyruvate metabolism,central carbon metabolism
r_0154,5'-adenylyl sulfate [cytoplasm] + ATP [cytoplasm]  -> 3'-phospho-5'-adenylyl sulfate [cytoplasm] + ADP [cytoplasm] + H+ [cytoplasm] ,YKL001C,sce00230  Purine metabolism,Sulfate metabolism,"Methionine, folate and sulfur metabolism"
r_0032,"adenosine 3',5'-bismonophosphate [cytoplasm] + H2O [cytoplasm]  -> AMP [cytoplasm] + phosphate [cytoplasm] ",YOL064C,sce00920  Sulfur metabolism,Sulfate metabolism,"Methionine, folate and sulfur metabolism"
r_0300,acetyl-CoA [mitochondrion] + H2O [mitochondrion] + oxaloacetate [mitochondrion]  -> citrate [mitochondrion] + coenzyme A [mitochondrion] + H+ [mitochondrion] ,( YNR001C or YPR001W ),sce00020  Citrate cycle (TCA cycle),TCA cycle,central carbon metabolism
r_1021,succinate [mitochondrion] + ubiquinone-6 [mitochondrion]  <=> fumarate [mitochondrion] + ubiquinol-6 [mitochondrion] ,(( YDR178W and YJL045W and YKL141W and YLL041C ) or ( YDR178W and YKL141W and YKL148C and YLL041C ) or ( YLR164W and YJL045W and YKL141W and YLL041C )),sce00020  Citrate cycle (TCA cycle),TCA cycle,central carbon metabolism
r_1022,ADP [mitochondrion] + phosphate [mitochondrion] + succinyl-CoA [mitochondrion]  -> ATP [mitochondrion] + coenzyme A [mitochondrion] + succinate [mitochondrion] ,( YGR244C and YOR142W ),sce00020  Citrate cycle (TCA cycle),TCA cycle,central carbon metabolism
cstm_s_1269_TCE,orotate [cytoplasm]  <=> s_1269[e] ,0,0,transporter [exchange],transporter [exchange]
r_1106,acetate [cytoplasm]  <=> acetate [extracellular] ,YCR010C,0,transporter [exchange],transporter [exchange]
r_1115,ammonium [extracellular]  <=> ammonium [cytoplasm] ,( YDR384C or YGR121C or YNL142W or YPR138C ),0,transporter [exchange],transporter [exchange]
r_1166,D-glucose [extracellular]  -> D-glucose [cytoplasm] ,( YDL245C or YDL247W or YDR342C or YDR343C or YDR345C or YDR536W or YEL069C or YFL011W or YHR092C or YHR094C or YHR096C or YJL214W or YJL219W or YJR158W or YJR160C or YLR081W or YMR011W or YNR072W or YOL156W or YDR387C ),sce04113  Meiosis - yeast,transporter [exchange],transporter [exchange]
r_1211,H+ [extracellular] + L-leucine [extracellular]  <=> H+ [cytoplasm] + L-leucine [cytoplasm] ,( YBR068C or YBR069C or YCL025C or YDR046C or YDR508C or YKR039W ),0,transporter [exchange],transporter [exchange]
r_1272,H+ [extracellular] + uracil [extracellular]  -> H+ [cytoplasm] + uracil [cytoplasm] ,YBR021W,0,transporter [exchange],transporter [exchange]
r_1633,acetaldehyde [extracellular]  <=> acetaldehyde [cytoplasm] ,0,0,transporter [exchange],transporter [exchange]
r_1762,ethanol [cytoplasm]  <=> ethanol [extracellular] ,0,0,transporter [exchange],transporter [exchange]
r_2057,succinate [extracellular]  <=> succinate [cytoplasm] ,0,0,transporter [exchange],transporter [exchange]
r_1237,H+ [cytoplasm] + ornithine [mitochondrion]  -> H+ [mitochondrion] + ornithine [cytoplasm] ,YOR130C,0,transporter [inner],transporter [inner]
r_1585,2-oxobutanoate [cytoplasm]  <=> 2-oxobutanoate [mitochondrion] ,0,0,transporter [inner],transporter [inner]
r_1748,dolichyl phosphate [cytoplasm]  <=> dolichyl phosphate [endoplasmic reticulum] ,0,0,transporter [inner],transporter [inner]
r_1932,mannan [cytoplasm]  <=> mannan [endoplasmic reticulum] ,0,0,transporter [inner],transporter [inner]
r_2034,H+ [cytoplasm] + pyruvate [cytoplasm]  -> H+ [mitochondrion] + pyruvate [mitochondrion] ,(( YGL080W and YGR243W ) or ( YGL080W and YHR162W )),0,transporter [inner],transporter [inner]
r_2093,L-valine [cytoplasm]  <=> L-valine [mitochondrion] ,0,0,transporter [inner],transporter [inner]
r_0195,"D-glucose 6-phosphate [cytoplasm] + UDP-D-glucose [cytoplasm]  -> alpha,alpha-trehalose 6-phosphate [cytoplasm] + H+ [cytoplasm] + UDP [cytoplasm] ",(( YBR126C and YDR074W and YML100W ) or ( YBR126C and YDR074W and YMR261C )),sce00500  Starch and sucrose metabolism,Trehalose biosynthesis,"Fructose, mannose, sucrose, trahelose and glucan metabolism"
r_1051,"alpha,alpha-trehalose 6-phosphate [cytoplasm] + H2O [cytoplasm]  -> phosphate [cytoplasm] + trehalose [cytoplasm] ",(( YBR126C and YDR074W and YML100W ) or ( YBR126C and YDR074W and YMR261C )),sce00500  Starch and sucrose metabolism,Trehalose biosynthesis,"Fructose, mannose, sucrose, trahelose and glucan metabolism"
r_1088,2-oxoglutarate [mitochondrion] + L-valine [mitochondrion]  <=> 3-methyl-2-oxobutanoate [mitochondrion] + L-glutamate [mitochondrion] ,YHR208W,sce00270  Cysteine and methionine metabolism,BCAA metabolism,Other amino acids
cstm_PPK,ATP [cytoplasm] + phosphate [cytoplasm]  -> ADP [cytoplasm] + polyphosphate [cytoplasm] ,YJL012C,,Others,Others
cstm_misc_ATPhy,ATP [cytoplasm] + H2O [cytoplasm]  -> ADP [cytoplasm] + H+ [cytoplasm] + phosphate [cytoplasm] ,,,Others,Others
r_0770,H+ [cytoplasm] + NADH [cytoplasm] + ubiquinone-6 [mitochondrion]  -> NAD [cytoplasm] + ubiquinol-6 [mitochondrion] ,( YDL085W or YMR145C ),,Oxidative phosphorylation,central carbon metabolism
r_0773,H+ [mitochondrion] + NADH [mitochondrion] + ubiquinone-6 [mitochondrion]  -> NAD [mitochondrion] + ubiquinol-6 [mitochondrion] ,YML120C,,Oxidative phosphorylation,central carbon metabolism
r_0970,ATP [cytoplasm] + TRX1 [cytoplasm]  -> dATP [cytoplasm] + H2O [cytoplasm] + TRX1 disulphide [cytoplasm] ,YGR209C,,ROS,Others
r_0971,CTP [cytoplasm] + TRX1 [cytoplasm]  -> dCTP [cytoplasm] + H2O [cytoplasm] + TRX1 disulphide [cytoplasm] ,YGR209C,,ROS,Others
r_0973,UTP [cytoplasm] + TRX1 [cytoplasm]  -> dUTP [cytoplasm] + H2O [cytoplasm] + TRX1 disulphide [cytoplasm] ,YGR209C,,ROS,Others
r_1110,ADP [cytoplasm] + ATP [mitochondrion]  <=> ADP [mitochondrion] + ATP [cytoplasm] ,( YBL030C or YBR085W or YMR056C ),,transporter [inner],transporter [inner]
r_1136,(R)-lactate [extracellular] + H+ [extracellular]  <=> (R)-lactate [cytoplasm] + H+ [cytoplasm] ,YKL217W,,transporter [exchange],transporter [exchange]
r_1172,glycerol [cytoplasm]  -> glycerol [extracellular] ,( YFL054C or YLL043W ),,transporter [exchange],transporter [exchange]
r_1244,H+ [extracellular] + phosphate [extracellular]  <=> H+ [cytoplasm] + phosphate [cytoplasm] ,( YBR296C or YCR037C or YJL198W or YML123C or YNR013C ),,transporter [exchange],transporter [exchange]
r_1245,H+ [cytoplasm] + phosphate [cytoplasm]  -> H+ [mitochondrion] + phosphate [mitochondrion] ,( YER053C or YJR077C ),,transporter [inner],transporter [inner]
r_1266,sulphate [extracellular]  -> sulphate [cytoplasm] ,( YBR294W or YLR092W ),,transporter [exchange],transporter [exchange]
r_1277,H2O [extracellular]  <=> H2O [cytoplasm] ,( YLL052C or YPR192W ),,transporter [exchange],transporter [exchange]
r_1543,(1->3)-beta-D-glucan [cell envelope]  <=> (1->3)-beta-D-glucan [cytoplasm] ,,,transporter [exchange],transporter [exchange]
r_1574,2-isopropylmalate [cytoplasm]  <=> 2-isopropylmalate [mitochondrion] ,YKL120W,,transporter [inner],transporter [inner]
r_1596,(S)-3-methyl-2-oxopentanoate [cytoplasm]  <=> (S)-3-methyl-2-oxopentanoate [mitochondrion] ,,,transporter [inner],transporter [inner]
r_1632,acetaldehyde [mitochondrion]  <=> acetaldehyde [cytoplasm] ,,,transporter [inner],transporter [inner]
r_1667,carbon dioxide [cytoplasm] + H2O [cytoplasm]  <=> bicarbonate [cytoplasm] + H+ [cytoplasm] ,YNL036W,,Others,Others
r_1696,carbon dioxide [cytoplasm]  <=> carbon dioxide [mitochondrion] ,,,transporter [inner],transporter [inner]
r_1697,carbon dioxide [cytoplasm]  <=> carbon dioxide [extracellular] ,,,transporter [exchange],transporter [exchange]
r_1824,H+ [extracellular]  -> H+ [cytoplasm] ,,,transporter [exchange],transporter [exchange]
r_1825,H+ [cytoplasm]  <=> H+ [endoplasmic reticulum] ,,,transporter [inner],transporter [inner]
r_2096,H2O [cytoplasm]  <=> H2O [mitochondrion] ,,,transporter [inner],transporter [inner]
r_2132,(S)-malate [cytoplasm] + 2-oxoglutarate [mitochondrion]  -> (S)-malate [mitochondrion] + 2-oxoglutarate [cytoplasm] ,( YOR222W or YPL134C ),,transporter [inner],transporter [inner]
r_3511,palmitoleate [cytoplasm]  <=> palmitoleate [endoplasmic reticulum membrane] ,,,transporter [inner],transporter [inner]
r_3513,oleate [cytoplasm]  <=> oleate [endoplasmic reticulum membrane] ,,,transporter [inner],transporter [inner]
r_3519,stearoyl-CoA [cytoplasm]  <=> stearoyl-CoA [endoplasmic reticulum membrane] ,,,transporter [inner],transporter [inner]
r_3525,H+ [cytoplasm]  <=> H+ [endoplasmic reticulum membrane] ,,,transporter [inner],transporter [inner]
r_3526,H2O [cytoplasm]  <=> H2O [endoplasmic reticulum membrane] ,( YLL052C or YPR192W ),,transporter [inner],transporter [inner]
r_3528,coenzyme A [cytoplasm]  <=> coenzyme A [endoplasmic reticulum membrane] ,,,transporter [inner],transporter [inner]
r_3532,NADH [cytoplasm]  <=> NADH [endoplasmic reticulum membrane] ,,,transporter [inner],transporter [inner]
r_3533,NAD [cytoplasm]  <=> NAD [endoplasmic reticulum membrane] ,,,transporter [inner],transporter [inner]
r_3536,diphosphate [cytoplasm]  <=> diphosphate [endoplasmic reticulum membrane] ,,,transporter [inner],transporter [inner]
r_3543,ATP [cytoplasm]  <=> ATP [endoplasmic reticulum membrane] ,,,transporter [inner],transporter [inner]
r_3544,AMP [cytoplasm]  <=> AMP [endoplasmic reticulum membrane] ,,,transporter [inner],transporter [inner]
r_0112,acetate [cytoplasm] + ATP [cytoplasm] + coenzyme A [cytoplasm]  -> acetyl-CoA [cytoplasm] + AMP [cytoplasm] + diphosphate [cytoplasm] ,( YAL054C or YLR153C ),Gluconeogenesis,Glycolysis,central carbon metabolism
r_0173,acetaldehyde [cytoplasm] + H2O [cytoplasm] + NADP(+) [cytoplasm]  -> acetate [cytoplasm] + 2 H+ [cytoplasm] + NADPH [cytoplasm] ,YPL061W,Gluconeogenesis,Glycolysis,central carbon metabolism
r_0175,acetaldehyde [mitochondrion] + H2O [mitochondrion] + NADP(+) [mitochondrion]  -> acetate [mitochondrion] + 2 H+ [mitochondrion] + NADPH [mitochondrion] ,( YER073W or YOR374W ),Gluconeogenesis,Glycolysis,central carbon metabolism
r_0505,dihydrolipoamide [mitochondrion] + NAD [mitochondrion]  -> H+ [mitochondrion] + lipoamide [mitochondrion] + NADH [mitochondrion] ,(( YAL044C and YDR019C and YFL018C and YMR189W ) or ( YDR148C and YFL018C and YIL125W )),Gluconeogenesis,pyruvate metabolism,central carbon metabolism
r_0831,coenzyme A [mitochondrion] + S(8)-succinyldihydrolipoamide [mitochondrion]  -> dihydrolipoamide [mitochondrion] + succinyl-CoA [mitochondrion] ,( YDR148C and YFL018C and YIL125W ),Gluconeogenesis,pyruvate metabolism,central carbon metabolism
r_0832,2-oxoglutarate [mitochondrion] + H+ [mitochondrion] + lipoamide [mitochondrion]  -> carbon dioxide [mitochondrion] + S(8)-succinyldihydrolipoamide [mitochondrion] ,( YDR148C and YFL018C and YIL125W ),Gluconeogenesis,pyruvate metabolism,central carbon metabolism
r_0887,"ATP [cytoplasm] + sedoheptulose 7-phosphate [cytoplasm]  -> ADP [cytoplasm] + H+ [cytoplasm] + sedoheptulose 1,7-bisphosphate [cytoplasm] ",( YMR205C or ( YGR240C and YMR205C )),Gluconeogenesis,Pentose phosphate pathway,central carbon metabolism
r_0888,D-glucose 6-phosphate [cytoplasm]  <=> D-glucose 1-phosphate [cytoplasm] ,( YMR105C or YKL127W ),Gluconeogenesis,Glycolysis,central carbon metabolism
r_0961,coenzyme A [mitochondrion] + NAD [mitochondrion] + pyruvate [mitochondrion]  -> acetyl-CoA [mitochondrion] + carbon dioxide [mitochondrion] + NADH [mitochondrion] ,( YBR221C and YER178W and YFL018C and YGR193C and YNL071W ),Gluconeogenesis,pyruvate metabolism,central carbon metabolism
r_0990,"sedoheptulose 1,7-bisphosphate [cytoplasm]  <=> D-erythrose 4-phosphate [cytoplasm] + dihydroxyacetone phosphate [cytoplasm] ",YKL060C,Gluconeogenesis,Pentose phosphate pathway,central carbon metabolism
r_2115,acetaldehyde [cytoplasm] + H+ [cytoplasm] + NADH [cytoplasm]  -> ethanol [cytoplasm] + NAD [cytoplasm] ,( YBR145W or YOL086C ),Gluconeogenesis,Glycolysis,central carbon metabolism
r_0280,cis-aconitate [mitochondrion] + H2O [mitochondrion]  <=> isocitrate [mitochondrion] ,YLR304C,sce00020  Citrate cycle (TCA cycle),TCA cycle,central carbon metabolism
r_0302,citrate [mitochondrion]  <=> cis-aconitate [mitochondrion] + H2O [mitochondrion] ,YLR304C,sce00020  Citrate cycle (TCA cycle),TCA cycle,central carbon metabolism
r_0451,fumarate [mitochondrion] + H2O [mitochondrion]  <=> (S)-malate [mitochondrion] ,YPL262W,sce00020  Citrate cycle (TCA cycle),TCA cycle,central carbon metabolism
r_0658,isocitrate [mitochondrion] + NAD [mitochondrion]  -> 2-oxoglutarate [mitochondrion] + carbon dioxide [mitochondrion] + NADH [mitochondrion] ,( YNL037C and YOR136W ),sce00020  Citrate cycle (TCA cycle),TCA cycle,central carbon metabolism
r_0713,(S)-malate [mitochondrion] + NAD [mitochondrion]  <=> H+ [mitochondrion] + NADH [mitochondrion] + oxaloacetate [mitochondrion] ,YKL085W,sce00020  Citrate cycle (TCA cycle),TCA cycle,central carbon metabolism
r_0091,"6-O-phosphono-D-glucono-1,5-lactone [cytoplasm] + H2O [cytoplasm]  -> 6-phospho-D-gluconate [cytoplasm] + H+ [cytoplasm] ",( YGR248W or YHR163W ),sce00030  Pentose phosphate pathway,Pentose phosphate pathway,central carbon metabolism
r_0466,"D-glucose 6-phosphate [cytoplasm] + NADP(+) [cytoplasm]  -> 6-O-phosphono-D-glucono-1,5-lactone [cytoplasm] + H+ [cytoplasm] + NADPH [cytoplasm] ",YNL241C,sce00030  Pentose phosphate pathway,Pentose phosphate pathway,central carbon metabolism
r_0889,6-phospho-D-gluconate [cytoplasm] + NADP(+) [cytoplasm]  -> carbon dioxide [cytoplasm] + D-ribulose 5-phosphate [cytoplasm] + NADPH [cytoplasm] ,( YGR256W or YHR183W ),sce00030  Pentose phosphate pathway,Pentose phosphate pathway,central carbon metabolism
r_0982,D-ribulose 5-phosphate [cytoplasm]  <=> ribose-5-phosphate [cytoplasm] ,YOR095C,sce00030  Pentose phosphate pathway,Pentose phosphate pathway,central carbon metabolism
r_0984,D-ribulose 5-phosphate [cytoplasm]  <=> D-xylulose 5-phosphate [cytoplasm] ,YJL121C,sce00030  Pentose phosphate pathway,Pentose phosphate pathway,central carbon metabolism
r_1049,D-xylulose 5-phosphate [cytoplasm] + ribose-5-phosphate [cytoplasm]  <=> glyceraldehyde 3-phosphate [cytoplasm] + sedoheptulose 7-phosphate [cytoplasm] ,( YBR117C or YPR074C ),sce00030  Pentose phosphate pathway,Pentose phosphate pathway,central carbon metabolism
r_1050,D-erythrose 4-phosphate [cytoplasm] + D-xylulose 5-phosphate [cytoplasm]  <=> D-fructose 6-phosphate [cytoplasm] + glyceraldehyde 3-phosphate [cytoplasm] ,( YBR117C or YPR074C ),sce00030  Pentose phosphate pathway,Pentose phosphate pathway,central carbon metabolism
r_1084,D-glucose 1-phosphate [cytoplasm] + H+ [cytoplasm] + UTP [cytoplasm]  <=> diphosphate [cytoplasm] + UDP-D-glucose [cytoplasm] ,( YHL012W or YKL035W ),sce00040  Pentose and glucuronate interconversions,Glucan metabolism,"Fructose, mannose, sucrose, trahelose and glucan metabolism"
r_2197,coenzyme A [endoplasmic reticulum membrane] + ATP [endoplasmic reticulum membrane] + palmitoleate [endoplasmic reticulum membrane]  <=> palmitoleoyl-CoA(4-) [endoplasmic reticulum membrane] + AMP [endoplasmic reticulum membrane] + diphosphate [endoplasmic reticulum membrane] ,( YMR246W or YOR317W ),sce00061  Fatty acid biosynthesis,Fatty acid biosynthesis,FA and PL metabolism
r_2199,coenzyme A [endoplasmic reticulum membrane] + ATP [endoplasmic reticulum membrane] + oleate [endoplasmic reticulum membrane]  <=> oleoyl-CoA [endoplasmic reticulum membrane] + AMP [endoplasmic reticulum membrane] + diphosphate [endoplasmic reticulum membrane] ,( YMR246W or YOR317W ),sce00061  Fatty acid biosynthesis,Fatty acid biosynthesis,FA and PL metabolism
r_0226,ADP [mitochondrion] + 3 H+ [cytoplasm] + phosphate [mitochondrion]  -> ATP [mitochondrion] + 2 H+ [mitochondrion] + H2O [mitochondrion] ,(( Q0080 and Q0085 and Q0130 and YBL099W and YBR039W and YDL004W and YDR298C and YDR322C-A and YDR377W and YJR121W and YKL016C and YLR295C and YML081C-A and YPL078C and YPL271W ) or ( Q0080 and Q0085 and Q0130 and YBL099W and YBR039W and YDL004W and YDR298C and YDR377W and YJR121W and YKL016C and YLR295C and YML081C-A and YPL078C and YPL271W and YPR020W ) or ( Q0080 and Q0085 and Q0130 and YBL099W and YBR039W and YDL004W and YDR298C and YDR322C-A and YDR377W and YJR121W and YKL016C and YLR295C and YML081C-A and YPL078C and YPL271W and YJL180C and YLR393W and YNL315C and YOL077W-A and YCL005W-A )),sce00190  Oxidative phosphorylation,Oxidative phosphorylation,central carbon metabolism
r_0568,diphosphate [cytoplasm] + H2O [cytoplasm]  -> H+ [cytoplasm] + 2 phosphate [cytoplasm] ,YBR011C,sce00190  Oxidative phosphorylation,Oxidative phosphorylation,central carbon metabolism
r_0476,ammonium [cytoplasm] + ATP [cytoplasm] + L-glutamate [cytoplasm]  -> ADP [cytoplasm] + H+ [cytoplasm] + L-glutamine [cytoplasm] + phosphate [cytoplasm] ,YPR035W,sce00220  Arginine biosynthesis,"Alanine, aspartate and glutamate metabolism",Other amino acids
r_0148,AMP [cytoplasm] + ATP [cytoplasm]  -> 2 ADP [cytoplasm] ,( YDL166C or YDR226W ),sce00230  Purine metabolism,Purine metabolism,Purine metabolism
r_0799,ATP [cytoplasm] + dTDP [cytoplasm]  -> ADP [cytoplasm] + dTTP [cytoplasm] ,YKL067W,sce00230  Purine metabolism,Purine metabolism,Purine metabolism
r_0800,ATP [cytoplasm] + GDP [cytoplasm]  -> ADP [cytoplasm] + GTP [cytoplasm] ,YKL067W,sce00230  Purine metabolism,Purine metabolism,Purine metabolism
r_0811,ATP [cytoplasm] + UDP [cytoplasm]  -> ADP [cytoplasm] + UTP [cytoplasm] ,YKL067W,sce00230  Purine metabolism,Purine metabolism,Purine metabolism
r_1026,ADP [cytoplasm] + H+ [cytoplasm] + sulphate [cytoplasm]  -> 5'-adenylyl sulfate [cytoplasm] + phosphate [cytoplasm] ,YCL050C,sce00230  Purine metabolism,Purine metabolism,Purine metabolism
r_0250,2 ATP [cytoplasm] + bicarbonate [cytoplasm] + H2O [cytoplasm] + L-glutamine [cytoplasm]  -> 2 ADP [cytoplasm] + carbamoyl phosphate [cytoplasm] + 2 H+ [cytoplasm] + L-glutamate [cytoplasm] + phosphate [cytoplasm] ,( YJL130C and YJR109C and YOR303W ),sce00240  Pyrimidine metabolism,Pyrimidine metabolism,Pyrimidine metabolism
r_0307,ammonium [cytoplasm] + ATP [cytoplasm] + UTP [cytoplasm]  -> ADP [cytoplasm] + CTP [cytoplasm] + 2 H+ [cytoplasm] + phosphate [cytoplasm] ,( YBL039C or YJR103W ),sce00240  Pyrimidine metabolism,Pyrimidine metabolism,Pyrimidine metabolism
r_0363,ATP [cytoplasm] + dTMP [cytoplasm]  -> ADP [cytoplasm] + dTDP [cytoplasm] ,YJR057W,sce00240  Pyrimidine metabolism,Pyrimidine metabolism,Pyrimidine metabolism
r_0364,dUTP [cytoplasm] + H2O [cytoplasm]  -> diphosphate [cytoplasm] + dUMP [cytoplasm] + H+ [cytoplasm] ,( YJR069C or YBR252W ),sce00240  Pyrimidine metabolism,Pyrimidine metabolism,Pyrimidine metabolism
r_1045,"5,10-methylenetetrahydrofolate [cytoplasm] + dUMP [cytoplasm]  -> dihydrofolic acid [cytoplasm] + dTMP [cytoplasm] ",YOR074C,sce00240  Pyrimidine metabolism,Pyrimidine metabolism,Pyrimidine metabolism
r_1072,ATP [cytoplasm] + UMP [cytoplasm]  -> ADP [cytoplasm] + UDP [cytoplasm] ,YKL024C,sce00240  Pyrimidine metabolism,Pyrimidine metabolism,Pyrimidine metabolism
r_0211,ATP [cytoplasm] + H2O [cytoplasm] + L-aspartate [cytoplasm] + L-glutamine [cytoplasm]  -> AMP [cytoplasm] + diphosphate [cytoplasm] + H+ [cytoplasm] + L-asparagine [cytoplasm] + L-glutamate [cytoplasm] ,( YGR124W or YPR145W ),"sce00250  Alanine, aspartate and glutamate metabolism","Alanine, aspartate and glutamate metabolism",Other amino acids
r_0309,L-homocysteine [cytoplasm] + L-serine [cytoplasm]  -> H2O [cytoplasm] + L-cystathionine [cytoplasm] ,YGR155W,"sce00260  Glycine, serine and threonine metabolism","Glycine, serine, cysteine and threonine metabolism",Other amino acids
r_0310,H2O [cytoplasm] + L-cystathionine [cytoplasm]  -> 2-oxobutanoate [cytoplasm] + ammonium [cytoplasm] + L-cysteine [cytoplasm] ,YAL012W,"sce00260  Glycine, serine and threonine metabolism","Glycine, serine, cysteine and threonine metabolism",Other amino acids
r_0548,ATP [cytoplasm] + L-homoserine [cytoplasm]  -> ADP [cytoplasm] + H+ [cytoplasm] + O-phospho-L-homoserine [cytoplasm] ,YHR025W,"sce00260  Glycine, serine and threonine metabolism","Glycine, serine, cysteine and threonine metabolism",Other amino acids
r_0692,L-threonine [cytoplasm]  -> 2-oxobutanoate [cytoplasm] + ammonium [cytoplasm] ,YCL064C,"sce00260  Glycine, serine and threonine metabolism","Glycine, serine, cysteine and threonine metabolism",Other amino acids
r_0891,3-phosphonato-D-glycerate(3-) [cytoplasm] + NAD [cytoplasm]  -> 3-phospho-hydroxypyruvate [cytoplasm] + H+ [cytoplasm] + NADH [cytoplasm] ,( YER081W or YIL074C ),"sce00260  Glycine, serine and threonine metabolism","Glycine, serine, cysteine and threonine metabolism",Other amino acids
r_0917,3-phospho-serine [cytoplasm] + H2O [cytoplasm]  -> L-serine [cytoplasm] + phosphate [cytoplasm] ,YGR208W,"sce00260  Glycine, serine and threonine metabolism","Glycine, serine, cysteine and threonine metabolism",Other amino acids
r_0918,3-phospho-hydroxypyruvate [cytoplasm] + L-glutamate [cytoplasm]  -> 2-oxoglutarate [cytoplasm] + 3-phospho-serine [cytoplasm] ,YOR184W,"sce00260  Glycine, serine and threonine metabolism","Glycine, serine, cysteine and threonine metabolism",Other amino acids
r_1041,H2O [cytoplasm] + O-phospho-L-homoserine [cytoplasm]  -> L-threonine [cytoplasm] + phosphate [cytoplasm] ,YCR053W,"sce00260  Glycine, serine and threonine metabolism","Glycine, serine, cysteine and threonine metabolism",Other amino acids
r_1055,1-C-(indol-3-yl)glycerol 3-phosphate [cytoplasm] + L-serine [cytoplasm]  -> glyceraldehyde 3-phosphate [cytoplasm] + H2O [cytoplasm] + L-tryptophan [cytoplasm] ,YGL026C,"sce00260  Glycine, serine and threonine metabolism","Phenylalanine, tyrosine and tryptophan biosynthesis","Phenylalanine, tyrosine and tryptophan biosynthesis"
r_0029,(2S)-2-isopropyl-3-oxosuccinate [cytoplasm] + H+ [cytoplasm]  -> 4-methyl-2-oxopentanoate [cytoplasm] + carbon dioxide [cytoplasm] ,YJR148W,sce00270  Cysteine and methionine metabolism,BCAA metabolism,Other amino acids
r_0460,ATP [cytoplasm] + L-cysteine [cytoplasm] + L-glutamate [cytoplasm]  -> ADP [cytoplasm] + H+ [cytoplasm] + L-gamma-glutamyl-L-cysteine [cytoplasm] + phosphate [cytoplasm] ,YJL101C,sce00270  Cysteine and methionine metabolism,"Glycine, serine, cysteine and threonine metabolism",Other amino acids
r_0485,ATP [cytoplasm] + L-gamma-glutamyl-L-cysteine [cytoplasm] + L-glycine [cytoplasm]  -> ADP [cytoplasm] + glutathione [cytoplasm] + H+ [cytoplasm] + phosphate [cytoplasm] ,YOL049W,sce00270  Cysteine and methionine metabolism,"Glycine, serine, cysteine and threonine metabolism",Other amino acids
r_0663,2-oxoglutarate [cytoplasm] + L-isoleucine [cytoplasm]  <=> (S)-3-methyl-2-oxopentanoate [cytoplasm] + L-glutamate [cytoplasm] ,YJR148W,sce00270  Cysteine and methionine metabolism,BCAA metabolism,Other amino acids
r_0699,2-oxoglutarate [cytoplasm] + L-leucine [cytoplasm]  <=> 4-methyl-2-oxopentanoate [cytoplasm] + L-glutamate [cytoplasm] ,YJR148W,sce00270  Cysteine and methionine metabolism,BCAA metabolism,Other amino acids
r_0016,2-oxobutanoate [mitochondrion] + H+ [mitochondrion] + pyruvate [mitochondrion]  -> (S)-2-acetyl-2-hydroxybutanoate [mitochondrion] + carbon dioxide [mitochondrion] ,(( YCL009C and YMR108W ) or YMR108W ),"sce00290  Valine, leucine and isoleucine biosynthesis",BCAA metabolism,Other amino acids
r_0023,2-isopropylmaleic acid [cytoplasm] + H2O [cytoplasm]  <=> 2-isopropylmalate [cytoplasm] ,YGL009C,"sce00290  Valine, leucine and isoleucine biosynthesis",BCAA metabolism,Other amino acids
r_0025,3-methyl-2-oxobutanoate [mitochondrion] + acetyl-CoA [mitochondrion] + H2O [mitochondrion]  -> 2-isopropylmalate [mitochondrion] + coenzyme A [mitochondrion] + H+ [mitochondrion] ,YNL104C,"sce00290  Valine, leucine and isoleucine biosynthesis",BCAA metabolism,Other amino acids
r_0060,"(2R,3S)-3-isopropylmalate [cytoplasm]  <=> 2-isopropylmaleic acid [cytoplasm] + H2O [cytoplasm] ",YGL009C,"sce00290  Valine, leucine and isoleucine biosynthesis",BCAA metabolism,Other amino acids
r_0061,"(2R,3S)-3-isopropylmalate [cytoplasm] + NAD [cytoplasm]  -> (2S)-2-isopropyl-3-oxosuccinate [cytoplasm] + H+ [cytoplasm] + NADH [cytoplasm] ",YCL018W,"sce00290  Valine, leucine and isoleucine biosynthesis",BCAA metabolism,Other amino acids
r_0096,"2-acetyllactic acid [mitochondrion] + H+ [mitochondrion] + NADPH [mitochondrion]  -> (R)-2,3-dihydroxy-3-methylbutanoate [mitochondrion] + NADP(+) [mitochondrion] ",YLR355C,"sce00290  Valine, leucine and isoleucine biosynthesis",BCAA metabolism,Other amino acids
r_0097,H+ [mitochondrion] + 2 pyruvate [mitochondrion]  -> 2-acetyllactic acid [mitochondrion] + carbon dioxide [mitochondrion] ,(( YCL009C and YMR108W ) or YMR108W ),"sce00290  Valine, leucine and isoleucine biosynthesis",BCAA metabolism,Other amino acids
r_0352,"(R)-2,3-dihydroxy-3-methylbutanoate [mitochondrion]  -> 3-methyl-2-oxobutanoate [mitochondrion] + H2O [mitochondrion] ",YJR016C,"sce00290  Valine, leucine and isoleucine biosynthesis",BCAA metabolism,Other amino acids
r_0353,"(2R,3R)-2,3-dihydroxy-3-methylpentanoate [mitochondrion]  -> (S)-3-methyl-2-oxopentanoate [mitochondrion] + H2O [mitochondrion] ",YJR016C,"sce00290  Valine, leucine and isoleucine biosynthesis",BCAA metabolism,Other amino acids
r_0669,"(S)-2-acetyl-2-hydroxybutanoate [mitochondrion] + H+ [mitochondrion] + NADPH [mitochondrion]  -> (2R,3R)-2,3-dihydroxy-3-methylpentanoate [mitochondrion] + NADP(+) [mitochondrion] ",YLR355C,"sce00290  Valine, leucine and isoleucine biosynthesis",BCAA metabolism,Other amino acids
r_0202,anthranilate [cytoplasm] + PRPP [cytoplasm]  -> diphosphate [cytoplasm] + N-(5-phospho-beta-D-ribosyl)anthranilate [cytoplasm] ,YDR354W,"sce00400  Phenylalanine, tyrosine and tryptophan biosynthesis","Phenylalanine, tyrosine and tryptophan biosynthesis","Phenylalanine, tyrosine and tryptophan biosynthesis"
r_0203,chorismate [cytoplasm] + L-glutamine [cytoplasm]  -> anthranilate [cytoplasm] + H+ [cytoplasm] + L-glutamate [cytoplasm] + pyruvate [cytoplasm] ,( YER090W and YKL211C ),"sce00400  Phenylalanine, tyrosine and tryptophan biosynthesis","Phenylalanine, tyrosine and tryptophan biosynthesis","Phenylalanine, tyrosine and tryptophan biosynthesis"
r_0566,1-(2-carboxyphenylamino)-1-deoxy-D-ribulose 5-phosphate [cytoplasm] + H+ [cytoplasm]  -> 1-C-(indol-3-yl)glycerol 3-phosphate [cytoplasm] + carbon dioxide [cytoplasm] + H2O [cytoplasm] ,YKL211C,"sce00400  Phenylalanine, tyrosine and tryptophan biosynthesis","Phenylalanine, tyrosine and tryptophan biosynthesis","Phenylalanine, tyrosine and tryptophan biosynthesis"
r_0913,N-(5-phospho-beta-D-ribosyl)anthranilate [cytoplasm]  -> 1-(2-carboxyphenylamino)-1-deoxy-D-ribulose 5-phosphate [cytoplasm] ,YDR007W,"sce00400  Phenylalanine, tyrosine and tryptophan biosynthesis","Phenylalanine, tyrosine and tryptophan biosynthesis","Phenylalanine, tyrosine and tryptophan biosynthesis"
r_1038,H+ [cytoplasm] + NADPH [cytoplasm] + TRX1 disulphide [cytoplasm]  -> NADP(+) [cytoplasm] + TRX1 [cytoplasm] ,(( YDR353W and YGR209C ) or ( YDR353W and YLR043C ) or YDR353W ),sce00450  Selenocompound metabolism,ROS,Others
r_0510,H2O [cytoplasm] + UDP-D-glucose [cytoplasm]  -> glycogen [cytoplasm] + H+ [cytoplasm] + UDP [cytoplasm] ,(( YFR015C and YJL137C ) or ( YFR015C and YKR058W ) or ( YJL137C and YLR258W ) or ( YKR058W and YLR258W )),sce00500  Starch and sucrose metabolism, Starch and sucrose metabolism,"Fructose, mannose, sucrose, trahelose and glucan metabolism"
r_0553,(R)-S-lactoylglutathione [cytoplasm] + H2O [cytoplasm]  -> (R)-lactate [cytoplasm] + glutathione [cytoplasm] + H+ [cytoplasm] ,YDR272W,sce00620  Pyruvate metabolism,Pyruvate metabolism,central carbon metabolism
r_0697,glutathione [cytoplasm] + methylglyoxal [cytoplasm]  -> (R)-S-lactoylglutathione [cytoplasm] ,YML004C,sce00620  Pyruvate metabolism,Pyruvate metabolism,central carbon metabolism
r_4039,acetate [mitochondrion] + succinyl-CoA [mitochondrion]  <=> acetyl-CoA [mitochondrion] + succinate [mitochondrion] ,YBL015W,sce00620  Pyruvate metabolism,Pyruvate metabolism,central carbon metabolism
r_0344,dihydrofolic acid [cytoplasm] + H+ [cytoplasm] + NADPH [cytoplasm]  -> NADP(+) [cytoplasm] + THF [cytoplasm] ,YOR236W,sce00670  One carbon pool by folate,One carbon pool by folate,"Methionine, folate and sulfur metabolism"
r_0883,"3'-phospho-5'-adenylyl sulfate [cytoplasm] + TRX1 [cytoplasm]  -> adenosine 3',5'-bismonophosphate [cytoplasm] + 2 H+ [cytoplasm] + sulphite [cytoplasm] + TRX1 disulphide [cytoplasm] ",(( YGR209C and YPR167C ) or ( YLR043C and YPR167C )),sce00920  Sulfur metabolism,Sulfur metabolism,"Methionine, folate and sulfur metabolism"
r_1027,5 H+ [cytoplasm] + 3 NADPH [cytoplasm] + sulphite [cytoplasm]  -> 3 H2O [cytoplasm] + hydrogen sulfide [cytoplasm] + 3 NADP(+) [cytoplasm] ,( YFR030W and YJR137C ),sce00920  Sulfur metabolism,Sulfur metabolism,"Methionine, folate and sulfur metabolism"
r_2182,H+ [endoplasmic reticulum membrane] + palmitoyl-CoA [endoplasmic reticulum membrane] + oxygen [endoplasmic reticulum membrane] + NADH [endoplasmic reticulum membrane]  -> 2 H2O [endoplasmic reticulum membrane] + palmitoleoyl-CoA(4-) [endoplasmic reticulum membrane] + NAD [endoplasmic reticulum membrane] ,YGL055W,sce01040  Biosynthesis of unsaturated fatty acids,Fatty acid biosynthesis,FA and PL metabolism
r_2183,H+ [endoplasmic reticulum membrane] + stearoyl-CoA [endoplasmic reticulum membrane] + oxygen [endoplasmic reticulum membrane] + NADH [endoplasmic reticulum membrane]  -> 2 H2O [endoplasmic reticulum membrane] + NAD [endoplasmic reticulum membrane] + oleoyl-CoA [endoplasmic reticulum membrane] ,YGL055W,sce01040  Biosynthesis of unsaturated fatty acids,Fatty acid biosynthesis,FA and PL metabolism