"","formula","GPR","expression_type","flux_type","correlated","predicted_by_default_FPA","PCC_by_target_expression","FDR_by_target_expression","PCC_by_default_FPA","FDR_by_default_FPA","predicted_by_optimal_boundary_FPA","maxPCC","coexpressionPCC","coexpressionPval"
"r_0005","UDP-D-glucose [cytoplasm]  -> (1->3)-beta-D-glucan [cell envelope] + H+ [cytoplasm] + UDP [cytoplasm] ","( YGR032W or YMR306W or ( YLR342W and YCR034W ))","Not measured","High Diversity","No","No",NA,NA,-0.477569141077554,0.0353927370058782,"Yes",0.662143783880268,NA,NA
"r_0007","1-(5-phospho-D-ribosyl)-5-[(5-phospho-D-ribosylamino)methylideneamino]imidazole-4-carboxamide [cytoplasm]  -> 5-[(5-phospho-1-deoxy-D-ribulos-1-ylamino)methylideneamino]-1-(5-phospho-D-ribosyl)imidazole-4-carboxamide [cytoplasm] ","YIL020C","Not measured","High Diversity","No","Yes",NA,NA,0.82474249790573,8.47264708938035e-06,"Yes",0.855256344959707,0.814105966862171,7.38564717805546e-07
"r_0016","2-oxobutanoate [mitochondrion] + H+ [mitochondrion] + pyruvate [mitochondrion]  -> (S)-2-acetyl-2-hydroxybutanoate [mitochondrion] + carbon dioxide [mitochondrion] ","(( YCL009C and YMR108W ) or YMR108W )","Low Diversity","High Diversity","No","No",0.185243841311845,0.509161964175781,0.336013815729111,0.177633512611652,"No",0.361309347631886,0.197697884786622,0.343497463904691
"r_0018","2-oxoadipic acid [cytoplasm] + L-glutamate [cytoplasm]  <=> 2-oxoglutarate [cytoplasm] + L-2-aminoadipate [cytoplasm] ","( YER152C or YGL202W or YJL060W )","Not measured","High Diversity","No","Yes",NA,NA,0.566718685326509,0.00924424951285832,"Yes",0.638746429580811,0.319195634941062,0.119880286765971
"r_0023","2-isopropylmaleic acid [cytoplasm] + H2O [cytoplasm]  <=> 2-isopropylmalate [cytoplasm] ","YGL009C","Low Diversity","Low Diversity","No","No",-0.799697227148376,2.80011459845524e-05,-0.854368915324786,1.66496190639648e-06,"No",-0.799698589673164,-0.791924361000534,2.40201687457776e-06
"r_0025","3-methyl-2-oxobutanoate [mitochondrion] + acetyl-CoA [mitochondrion] + H2O [mitochondrion]  -> 2-isopropylmalate [mitochondrion] + coenzyme A [mitochondrion] + H+ [mitochondrion] ","YNL104C","Low Diversity","Low Diversity","No","No",-0.677299496767698,0.00107617051379543,-0.80183617532235,1.80079776327025e-05,"No",-0.681163139667869,-0.792535988334293,2.32960090873733e-06
"r_0027","homocitrate [mitochondrion]  <=> but-1-ene-1,2,4-tricarboxylic acid [mitochondrion] + H2O [mitochondrion] ","YDR234W","High Diversity","High Diversity","No","Yes",0.138460145953875,0.630466412815849,0.477216554543507,0.0353927370058782,"Yes",0.558855388255112,0.307100370374008,0.135372831799759
"r_0029","(2S)-2-isopropyl-3-oxosuccinate [cytoplasm] + H+ [cytoplasm]  -> 4-methyl-2-oxopentanoate [cytoplasm] + carbon dioxide [cytoplasm] ","YJR148W","High Diversity","Low Diversity","No","No",-0.764540371865357,9.7019491954749e-05,-0.866059187432255,1.51730318016191e-06,"No",-0.713372780025226,-0.792506423555115,2.33305599360418e-06
"r_0032","adenosine 3',5'-bismonophosphate [cytoplasm] + H2O [cytoplasm]  -> AMP [cytoplasm] + phosphate [cytoplasm] ","YOL064C","High Diversity","High Diversity","No","No",0.141973775128333,0.622035903161854,0.0637111375734683,0.792120938120763,"No",0.470409390619189,-0.137329579974791,0.512720997123159
"r_0039","3-dehydroquinate [cytoplasm]  -> 3-dehydroshikimate [cytoplasm] + H2O [cytoplasm] ","YDR127W","High Diversity","High Diversity","Yes","Yes",0.713148891261608,0.000450025235034885,0.637294664413773,0.00259457169668457,"Yes",0.715552659381313,0.666673166145104,0.000273580095039845
"r_0040","7-phospho-2-dehydro-3-deoxy-D-arabino-heptonic acid [cytoplasm]  -> 3-dehydroquinate [cytoplasm] + phosphate [cytoplasm] ","YDR127W","High Diversity","High Diversity","Yes","Yes",0.71136507669657,0.000450025235034885,0.579935268028689,0.00732515628080279,"Yes",0.713414310966736,0.665267116716844,0.000284887314851723
"r_0042","D-erythrose 4-phosphate [cytoplasm] + H2O [cytoplasm] + phosphoenolpyruvate [cytoplasm]  -> 7-phospho-2-dehydro-3-deoxy-D-arabino-heptonic acid [cytoplasm] + phosphate [cytoplasm] ","( YBR249C or YDR035W )","Low Diversity","High Diversity","Yes","No",0.596367443735627,0.00573075105344276,0.414125804160682,0.0830867500380905,"Yes",0.710672988950756,0.667519979538866,0.000266960836566234
"r_0060","(2R,3S)-3-isopropylmalate [cytoplasm]  <=> 2-isopropylmaleic acid [cytoplasm] + H2O [cytoplasm] ","YGL009C","Low Diversity","Low Diversity","No","No",-0.800266800533563,2.80011459845524e-05,-0.856576922735238,1.64810716557003e-06,"No",-0.800644688940559,-0.792264065105241,2.36155209544021e-06
"r_0061","(2R,3S)-3-isopropylmalate [cytoplasm] + NAD [cytoplasm]  -> (2S)-2-isopropyl-3-oxosuccinate [cytoplasm] + H+ [cytoplasm] + NADH [cytoplasm] ","YCL018W","High Diversity","Low Diversity","No","No",0.292560628790606,0.311689920749427,-0.860062555931958,1.51730318016191e-06,"No",0.21880912005023,-0.7923604788831,2.35017892201788e-06
"r_0065","3-phosphoshikimic acid [cytoplasm] + phosphoenolpyruvate [cytoplasm]  -> 5-O-(1-carboxyvinyl)-3-phosphoshikimic acid [cytoplasm] + phosphate [cytoplasm] ","YDR127W","High Diversity","High Diversity","Yes","Yes",0.712623962296422,0.000450025235034885,0.611253659300573,0.00435063005036738,"Yes",0.720838172468206,0.66642382403817,0.000275556212674272
"r_0079","5'-phosphoribosyl-N-formylglycineamide [cytoplasm] + ATP [cytoplasm] + H2O [cytoplasm] + L-glutamine [cytoplasm]  -> 5'-phosphoribosyl-N-formylglycineamidine [cytoplasm] + ADP [cytoplasm] + H+ [cytoplasm] + L-glutamate [cytoplasm] + phosphate [cytoplasm] ","YGR061C","High Diversity","High Diversity","Yes","Yes",0.508450213622192,0.0281322869264951,0.57480167775889,0.00791718200638146,"Yes",0.683114313367996,0.678179896911052,0.000194826723100217
"r_0080","5,10-methylenetetrahydrofolate [cytoplasm] + 2 H+ [cytoplasm] + NADPH [cytoplasm]  -> 5-methyltetrahydrofolate [cytoplasm] + NADP(+) [cytoplasm] ","( YGL125W or YPL023C )","Not measured","High Diversity","No","No",NA,NA,0.410843072345094,0.0859163743428073,"Yes",0.502415356254587,NA,NA
"r_0091","6-O-phosphono-D-glucono-1,5-lactone [cytoplasm] + H2O [cytoplasm]  -> 6-phospho-D-gluconate [cytoplasm] + H+ [cytoplasm] ","( YGR248W or YHR163W )","High Diversity","Low Diversity","No","No",0.39506074980111,0.11790749010621,0.375179868923357,0.126649499822953,"No",0.393374973340933,-0.0727598595480596,0.72961874968912
"r_0096","2-acetyllactic acid [mitochondrion] + H+ [mitochondrion] + NADPH [mitochondrion]  -> (R)-2,3-dihydroxy-3-methylbutanoate [mitochondrion] + NADP(+) [mitochondrion] ","YLR355C","Low Diversity","High Diversity","No","No",-0.645618196223971,0.00212885255640035,-0.651691870390402,0.00188010334585695,"No",-0.548059696576834,-0.676607291992321,0.000204255696109814
"r_0097","H+ [mitochondrion] + 2 pyruvate [mitochondrion]  -> 2-acetyllactic acid [mitochondrion] + carbon dioxide [mitochondrion] ","(( YCL009C and YMR108W ) or YMR108W )","Low Diversity","High Diversity","No","No",-0.627812918260439,0.00289683205538137,-0.647825446025758,0.00204482071626356,"No",-0.546195290746784,-0.676577421976627,0.00020443858478965
"r_0109","acetyl-CoA [cytoplasm] + ATP [cytoplasm] + bicarbonate [cytoplasm]  -> ADP [cytoplasm] + H+ [cytoplasm] + malonyl-CoA [cytoplasm] + phosphate [cytoplasm] ","( YDL141W and YNR016C )","High Diversity","High Diversity","No","No",0.233462160506832,0.420348822465427,0.296419715723802,0.239432424994283,"No",0.459081551565007,0.0428758686632549,0.838746510481556
"r_0112","acetate [cytoplasm] + ATP [cytoplasm] + coenzyme A [cytoplasm]  -> acetyl-CoA [cytoplasm] + AMP [cytoplasm] + diphosphate [cytoplasm] ","( YAL054C or YLR153C )","Low Diversity","Low Diversity","No","No",-0.135638233289859,0.636253954018744,-0.122856415775189,0.684416400796107,"No",0.0135347034132389,0.017840756026162,0.93254494816104
"r_0115","ATP [mitochondrion] + N-acetyl-L-glutamate [mitochondrion]  -> ADP [mitochondrion] + N-acetyl-L-gamma-glutamyl phosphate [mitochondrion] ","YER069W","Low Diversity","High Diversity","Yes","Yes",0.636739101197485,0.00248329245787499,0.764336344833484,7.99994381786985e-05,"Yes",0.827334931532884,0.759871396709974,1.05146955223186e-05
"r_0118","2-acetamido-5-oxopentanoate [mitochondrion] + L-glutamate [mitochondrion]  -> 2-oxoglutarate [mitochondrion] + N(2)-acetyl-L-ornithine [mitochondrion] ","YOL140W","Low Diversity","High Diversity","Yes","Yes",0.694306512999818,0.000681807769213384,0.773373573857824,5.86583872853781e-05,"Yes",0.828881237844088,0.76411102867295,8.76448324958116e-06
"r_0148","AMP [cytoplasm] + ATP [cytoplasm]  -> 2 ADP [cytoplasm] ","( YDL166C or YDR226W )","Not measured","Low Diversity","No","No",NA,NA,NA,NA,"No",0,0.157232688093801,0.452891985597289
"r_0151","5'-phosphoribosyl-4-(N-succinocarboxamide)-5-aminoimidazole [cytoplasm]  -> AICAR [cytoplasm] + fumarate [cytoplasm] ","YLR359W","High Diversity","High Diversity","Yes","Yes",0.773907060431114,8.04291038941322e-05,0.619130928442305,0.00379760571279481,"Yes",0.77296306882755,0.676285674199392,0.000206232447831862
"r_0152","adenylo-succinate [cytoplasm]  <=> AMP [cytoplasm] + fumarate [cytoplasm] ","YLR359W","High Diversity","High Diversity","Yes","Yes",0.642487504109283,0.00225136513617164,0.709990199799807,0.000441602360620251,"Yes",0.835077970464724,0.656146658805409,0.00036863734597121
"r_0153","GTP [cytoplasm] + IMP [cytoplasm] + L-aspartate [cytoplasm]  -> adenylo-succinate [cytoplasm] + GDP [cytoplasm] + 2 H+ [cytoplasm] + phosphate [cytoplasm] ","YNL220W","High Diversity","High Diversity","Yes","Yes",0.71753915272047,0.000450025235034885,0.683765147933748,0.000916868025915083,"Yes",0.853197827054267,0.655591546616908,0.0003743631951688
"r_0154","5'-adenylyl sulfate [cytoplasm] + ATP [cytoplasm]  -> 3'-phospho-5'-adenylyl sulfate [cytoplasm] + ADP [cytoplasm] + H+ [cytoplasm] ","YKL001C","High Diversity","High Diversity","No","No",-0.152110745568717,0.598332509444909,-0.0664285966953547,0.791077701794939,"No",0.269734226759679,-0.140083409482205,0.504220755659274
"r_0173","acetaldehyde [cytoplasm] + H2O [cytoplasm] + NADP(+) [cytoplasm]  -> acetate [cytoplasm] + 2 H+ [cytoplasm] + NADPH [cytoplasm] ","YPL061W","High Diversity","High Diversity","No","No",-0.340554844762867,0.201849819605355,-0.182907976640305,0.502348267518151,"No",0.23811078763653,0.401407984347465,0.0467196874322799
"r_0175","acetaldehyde [mitochondrion] + H2O [mitochondrion] + NADP(+) [mitochondrion]  -> acetate [mitochondrion] + 2 H+ [mitochondrion] + NADPH [mitochondrion] ","( YER073W or YOR374W )","Low Diversity","High Diversity","No","No",-0.281603257541471,0.336680168309931,-0.362217927684899,0.141048706134733,"No",0.191082105906716,0.38001669752668,0.0609575662933207
"r_0195","D-glucose 6-phosphate [cytoplasm] + UDP-D-glucose [cytoplasm]  -> alpha,alpha-trehalose 6-phosphate [cytoplasm] + H+ [cytoplasm] + UDP [cytoplasm] ","(( YBR126C and YDR074W and YML100W ) or ( YBR126C and YDR074W and YMR261C ))","High Diversity","Low Diversity","Yes","Yes",0.710407110771077,0.000450025235034885,0.678785246332853,0.00103988727662567,"Yes",0.731143188191862,NA,NA
"r_0202","anthranilate [cytoplasm] + PRPP [cytoplasm]  -> diphosphate [cytoplasm] + N-(5-phospho-beta-D-ribosyl)anthranilate [cytoplasm] ","YDR354W","High Diversity","High Diversity","No","No",0.0321743557376232,0.95187591183291,0.0818383599390849,0.769993909225558,"No",0.153776738724554,0.107226750784731,0.609938918632263
"r_0203","chorismate [cytoplasm] + L-glutamine [cytoplasm]  -> anthranilate [cytoplasm] + H+ [cytoplasm] + L-glutamate [cytoplasm] + pyruvate [cytoplasm] ","( YER090W and YKL211C )","Low Diversity","High Diversity","No","No",0.100307980877334,0.737824859807077,0.220976549754085,0.404215994472566,"No",0.245979216028735,0.108678195293164,0.605081220881523
"r_0207","(N(omega)-L-arginino)succinic acid [cytoplasm]  <=> fumarate [cytoplasm] + L-arginine [cytoplasm] ","YHR018C","Low Diversity","High Diversity","Yes","Yes",0.74660016241671,0.000188969643975333,0.562804092603159,0.00961656977298677,"Yes",0.839997575652556,0.75838803798962,1.11966124903607e-05
"r_0208","ATP [cytoplasm] + L-aspartate [cytoplasm] + L-citrulline [cytoplasm]  <=> (N(omega)-L-arginino)succinic acid [cytoplasm] + AMP [cytoplasm] + diphosphate [cytoplasm] + H+ [cytoplasm] ","YOL058W","High Diversity","High Diversity","Yes","Yes",0.770517865158669,8.59137044947161e-05,0.541867839729223,0.0136322612162195,"Yes",0.832284777555963,0.760413574033841,1.02748150114189e-05
"r_0211","ATP [cytoplasm] + H2O [cytoplasm] + L-aspartate [cytoplasm] + L-glutamine [cytoplasm]  -> AMP [cytoplasm] + diphosphate [cytoplasm] + H+ [cytoplasm] + L-asparagine [cytoplasm] + L-glutamate [cytoplasm] ","( YGR124W or YPR145W )","High Diversity","High Diversity","No","No",0.111045471513936,0.71116156982093,0.203670329805179,0.447091474475649,"No",0.240337140183619,0.237705010491604,0.252552829333455
"r_0214","carbamoyl phosphate [cytoplasm] + L-aspartate [cytoplasm]  -> H+ [cytoplasm] + N-carbamoyl-L-aspartate [cytoplasm] + phosphate [cytoplasm] ","YJL130C","Low Diversity","Low Diversity","Yes","Yes",0.928116789759144,3.70999227458679e-09,0.653778391066491,0.00185433286968174,"Yes",0.927088553795397,0.622370640268954,0.0008932873762973
"r_0215","ATP [cytoplasm] + L-aspartate [cytoplasm]  -> 4-phospho-L-aspartate [cytoplasm] + ADP [cytoplasm] ","YER052C","High Diversity","High Diversity","No","No",0.160803208192231,0.580167760080625,0.324386046204657,0.192742627689259,"No",0.406885532630851,0.376052714487588,0.0639292869679925
"r_0216","2-oxoglutarate [cytoplasm] + L-aspartate [cytoplasm]  <=> L-glutamate [cytoplasm] + oxaloacetate [cytoplasm] ","YLR027C","High Diversity","Low Diversity","No","No",0.20394550713118,0.461181641989181,0.20359771351888,0.447091474475649,"No",0.473177386039632,0.436258372921325,0.0292442501353133
"r_0219","4-phospho-L-aspartate [cytoplasm] + H+ [cytoplasm] + NADPH [cytoplasm]  -> L-aspartate 4-semialdehyde [cytoplasm] + NADP(+) [cytoplasm] + phosphate [cytoplasm] ","YDR158W","Low Diversity","High Diversity","No","No",0.242246226606042,0.413042060220297,0.319638900544366,0.199210343140579,"No",0.415378832397253,0.374394572672636,0.065204953715515
"r_0225","ATP [cytoplasm] + PRPP [cytoplasm]  -> 5-phosphoribosyl-ATP [cytoplasm] + diphosphate [cytoplasm] ","YER055C","High Diversity","High Diversity","Yes","Yes",0.6981261934337,0.000625821293692649,0.822032459695036,8.98933580179663e-06,"Yes",0.837980894704512,0.811587917284504,8.50834907605412e-07
"r_0226","ADP [mitochondrion] + 3 H+ [cytoplasm] + phosphate [mitochondrion]  -> ATP [mitochondrion] + 2 H+ [mitochondrion] + H2O [mitochondrion] ","(( Q0080 and Q0085 and Q0130 and YBL099W and YBR039W and YDL004W and YDR298C and YDR322C-A and YDR377W and YJR121W and YKL016C and YLR295C and YML081C-A and YPL078C and YPL271W ) or ( Q0080 and Q0085 and Q0130 and YBL099W and YBR039W and YDL004W and YDR298C and YDR377W and YJR121W and YKL016C and YLR295C and YML081C-A and YPL078C and YPL271W and YPR020W ) or ( Q0080 and Q0085 and Q0130 and YBL099W and YBR039W and YDL004W and YDR298C and YDR322C-A and YDR377W and YJR121W and YKL016C and YLR295C and YML081C-A and YPL078C and YPL271W and YJL180C and YLR393W and YNL315C and YOL077W-A and YCL005W-A ))","Not measured","High Diversity","No","No",NA,NA,NA,NA,"No",0,0.106091419681685,0.613749869475324
"r_0250","2 ATP [cytoplasm] + bicarbonate [cytoplasm] + H2O [cytoplasm] + L-glutamine [cytoplasm]  -> 2 ADP [cytoplasm] + carbamoyl phosphate [cytoplasm] + 2 H+ [cytoplasm] + L-glutamate [cytoplasm] + phosphate [cytoplasm] ","( YJL130C and YJR109C and YOR303W )","High Diversity","Low Diversity","No","No",0.107416486789147,0.7200853542557,0.147069393250811,0.609465741715419,"No",0.206143339942681,0.6300394253688,0.0007372541753749
"r_0278","chorismate [cytoplasm]  -> prephenate [cytoplasm] ","YPR060C","Not measured","High Diversity","No","Yes",NA,NA,0.697496027608583,0.00062694772179697,"Yes",0.737989502190577,0.694064021158122,0.000118926033469566
"r_0279","5-O-(1-carboxyvinyl)-3-phosphoshikimic acid [cytoplasm]  -> chorismate [cytoplasm] + phosphate [cytoplasm] ","YGL148W","High Diversity","High Diversity","Yes","Yes",0.661220518185536,0.00151147697592642,0.642687649366202,0.00229805533997487,"Yes",0.720340066636064,0.666531263261819,0.000274703199807475
"r_0280","cis-aconitate [mitochondrion] + H2O [mitochondrion]  <=> isocitrate [mitochondrion] ","YLR304C","High Diversity","High Diversity","No","No",-0.00427135322262004,0.989779067264531,-0.150435309164822,0.601101244255941,"No",-0.00427168375526946,0.145549140012568,0.487557702371976
"r_0300","acetyl-CoA [mitochondrion] + H2O [mitochondrion] + oxaloacetate [mitochondrion]  -> citrate [mitochondrion] + coenzyme A [mitochondrion] + H+ [mitochondrion] ","( YNR001C or YPR001W )","High Diversity","High Diversity","No","No",0.177730026729092,0.527136073709801,0.310630063016401,0.21315814602238,"No",0.402116086228767,0.18525071344563,0.375325727883637
"r_0302","citrate [mitochondrion]  <=> cis-aconitate [mitochondrion] + H2O [mitochondrion] ","YLR304C","High Diversity","High Diversity","No","No",-0.0187517704164573,0.988246525616098,-0.153314648690578,0.600282940327216,"No",-0.0187517710397675,0.130326438263023,0.534646734861536
"r_0307","ammonium [cytoplasm] + ATP [cytoplasm] + UTP [cytoplasm]  -> ADP [cytoplasm] + CTP [cytoplasm] + 2 H+ [cytoplasm] + phosphate [cytoplasm] ","( YBL039C or YJR103W )","High Diversity","High Diversity","No","No",-0.0120553636421735,0.988246525616098,-0.374508143778634,0.126649499822953,"No",-0.0120553145818545,-0.0530247552696083,0.801251888810281
"r_0309","L-homocysteine [cytoplasm] + L-serine [cytoplasm]  -> H2O [cytoplasm] + L-cystathionine [cytoplasm] ","YGR155W","High Diversity","High Diversity","No","No",-0.473170542073742,0.0439341897233417,-0.0555783980550129,0.814945587142523,"No",0.337936239847675,-0.12858906136746,0.540153625848237
"r_0310","H2O [cytoplasm] + L-cystathionine [cytoplasm]  -> 2-oxobutanoate [cytoplasm] + ammonium [cytoplasm] + L-cysteine [cytoplasm] ","YAL012W","High Diversity","High Diversity","No","No",-0.507808032727548,0.0281322869264951,-0.503841873554506,0.0249334077510139,"No",-0.50358371601568,-0.137220547342235,0.513058975549177
"r_0344","dihydrofolic acid [cytoplasm] + H+ [cytoplasm] + NADPH [cytoplasm]  -> NADP(+) [cytoplasm] + THF [cytoplasm] ","YOR236W","Not measured","High Diversity","No","No",NA,NA,-0.565196213620184,0.00928760001169514,"No",-0.223650901351408,NA,NA
"r_0349","(S)-dihydroorotate [cytoplasm] + H2O [cytoplasm]  <=> H+ [cytoplasm] + N-carbamoyl-L-aspartate [cytoplasm] ","YLR420W","Not measured","Low Diversity","No","Yes",NA,NA,0.665214786791163,0.00140667372334067,"Yes",0.945663228383219,0.625777777417456,0.000820762207795894
"r_0352","(R)-2,3-dihydroxy-3-methylbutanoate [mitochondrion]  -> 3-methyl-2-oxobutanoate [mitochondrion] + H2O [mitochondrion] ","YJR016C","Low Diversity","High Diversity","No","No",-0.649002743158447,0.00199891072321946,-0.658270535388427,0.00167397080604041,"No",-0.547670162779703,-0.680141138972923,0.000183602721786786
"r_0353","(2R,3R)-2,3-dihydroxy-3-methylpentanoate [mitochondrion]  -> (S)-3-methyl-2-oxopentanoate [mitochondrion] + H2O [mitochondrion] ","YJR016C","Low Diversity","High Diversity","No","No",0.156426276869099,0.586923645372114,0.326731481634375,0.191721361511183,"No",0.354110306561658,0.198285600054961,0.342035640906669
"r_0361","dolichyl phosphate [cytoplasm] + GDP-alpha-D-mannose [cytoplasm]  -> dolichyl D-mannosyl phosphate [endoplasmic reticulum] + GDP [cytoplasm] ","YPR183W","High Diversity","High Diversity","No","No",-0.208070645026143,0.454956646000209,-0.535541984098067,0.0151783482670291,"Yes",0.712225995813547,-0.622418916245087,0.000892222354420737
"r_0362","dolichyl D-mannosyl phosphate [endoplasmic reticulum]  -> dolichyl phosphate [endoplasmic reticulum] + H+ [endoplasmic reticulum] + mannan [endoplasmic reticulum] ","(( YAL023C and YDL095W ) or YDL093W or YJR143C or YOR321W )","Not measured","High Diversity","No","No",NA,NA,-0.625035639714814,0.00334444123860859,"Yes",0.72690657392208,-0.614114864633407,0.00109236322827212
"r_0363","ATP [cytoplasm] + dTMP [cytoplasm]  -> ADP [cytoplasm] + dTDP [cytoplasm] ","YJR057W","Not measured","High Diversity","No","No",NA,NA,0.230544227119904,0.385852827634525,"No",0.23191007394631,-0.457093838527578,0.0216087092259619
"r_0364","dUTP [cytoplasm] + H2O [cytoplasm]  -> diphosphate [cytoplasm] + dUMP [cytoplasm] + H+ [cytoplasm] ","( YJR069C or YBR252W )","Low Diversity","High Diversity","No","No",-0.122850262220671,0.670235357614813,-0.30830415657005,0.216481758558988,"No",-0.122872653270063,-0.463050553350473,0.0197525421355199
"r_0366","2-phospho-D-glyceric acid [cytoplasm]  <=> H2O [cytoplasm] + phosphoenolpyruvate [cytoplasm] ","( YPL281C or YGR254W or YHR174W or YMR323W or YOR393W )","Not measured","High Diversity","No","No",NA,NA,0.389707756026327,0.108283065566942,"Yes",0.619340499216371,0.317431477063166,0.122055286792009
"r_0439","2 ferricytochrome c [mitochondrion] + 1.266 H+ [mitochondrion] + ubiquinol-6 [mitochondrion]  -> 2 ferrocytochrome c [mitochondrion] + 2.532 H+ [cytoplasm] + ubiquinone-6 [mitochondrion] ","(( Q0105 and YBL045C and YDR529C and YEL024W and YEL039C and YFR033C and YGR183C and YHR001W-A and YJL166W and YOR065W and YPR191W ) or ( Q0105 and YBL045C and YDR529C and YEL024W and YFR033C and YGR183C and YHR001W-A and YJL166W and YJR048W and YOR065W and YPR191W ))","Not measured","High Diversity","No","No",NA,NA,0.0915329819885378,0.752150827764146,"No",0.492074707823498,0.157857103227996,0.451076693066859
"r_0450","D-fructose 1,6-bisphosphate [cytoplasm]  <=> dihydroxyacetone phosphate [cytoplasm] + glyceraldehyde 3-phosphate [cytoplasm] ","YKL060C","High Diversity","High Diversity","No","No",0.247069878270613,0.409774893801578,0.372366256525385,0.127566564900343,"No",0.443045904997435,0.297242172299441,0.149028010133338
"r_0451","fumarate [mitochondrion] + H2O [mitochondrion]  <=> (S)-malate [mitochondrion] ","YPL262W","Low Diversity","High Diversity","No","No",0.256845365062609,0.38587109307048,0.0973348819339759,0.745434355998467,"No",0.258289506988362,0.195952819910641,0.347859851698021
"r_0460","ATP [cytoplasm] + L-cysteine [cytoplasm] + L-glutamate [cytoplasm]  -> ADP [cytoplasm] + H+ [cytoplasm] + L-gamma-glutamyl-L-cysteine [cytoplasm] + phosphate [cytoplasm] ","YJL101C","Not measured","High Diversity","No","No",NA,NA,-0.229214355574949,0.387323198310217,"Yes",0.750772003182918,NA,NA
"r_0466","D-glucose 6-phosphate [cytoplasm] + NADP(+) [cytoplasm]  -> 6-O-phosphono-D-glucono-1,5-lactone [cytoplasm] + H+ [cytoplasm] + NADPH [cytoplasm] ","YNL241C","High Diversity","Low Diversity","No","No",0.226017258225999,0.425172369831704,0.326508945066116,0.191721361511183,"No",0.360143533741056,-0.116834175869034,0.578091823499706
"r_0467","D-glucose 6-phosphate [cytoplasm]  <=> D-fructose 6-phosphate [cytoplasm] ","YBR196C","High Diversity","High Diversity","No","Yes",0.220256786945902,0.436482434017548,0.49866455881855,0.0269127547910193,"Yes",0.67554773113826,0.31065882402042,0.130672674948515
"r_0468","ATP [cytoplasm] + L-glutamate [cytoplasm]  -> ADP [cytoplasm] + L-gamma-glutamyl phosphate [cytoplasm] ","YDR300C","High Diversity","High Diversity","Yes","Yes",0.62601563842676,0.00295999052462563,0.520279522223855,0.0195992003974043,"Yes",0.62674306375245,0.59745132109463,0.00161289972283297
"r_0471","2-oxoglutarate [cytoplasm] + ammonium [cytoplasm] + H+ [cytoplasm] + NADPH [cytoplasm]  -> H2O [cytoplasm] + L-glutamate [cytoplasm] + NADP(+) [cytoplasm] ","( YAL062W or YOR375C )","High Diversity","High Diversity","No","No",0.260067253973722,0.384577469909194,0.261016589290898,0.314333204685164,"No",0.269853522175646,0.567630568498475,0.00308093669759886
"r_0473","H+ [cytoplasm] + L-gamma-glutamyl phosphate [cytoplasm] + NADPH [cytoplasm]  -> L-glutamic 5-semialdehyde [cytoplasm] + NADP(+) [cytoplasm] + phosphate [cytoplasm] ","YOR323C","High Diversity","High Diversity","No","Yes",0.239548612106477,0.413042060220297,0.517496083976249,0.0203529600079577,"Yes",0.535125090432601,0.600579965692818,0.00150152452717391
"r_0476","ammonium [cytoplasm] + ATP [cytoplasm] + L-glutamate [cytoplasm]  -> ADP [cytoplasm] + H+ [cytoplasm] + L-glutamine [cytoplasm] + phosphate [cytoplasm] ","YPR035W","High Diversity","Low Diversity","No","No",0.13380498158018,0.638260645092011,0.164820015012576,0.560690240406719,"No",0.372136698791878,0.261774646017721,0.206213790368157
"r_0485","ATP [cytoplasm] + L-gamma-glutamyl-L-cysteine [cytoplasm] + L-glycine [cytoplasm]  -> ADP [cytoplasm] + glutathione [cytoplasm] + H+ [cytoplasm] + phosphate [cytoplasm] ","YOL049W","High Diversity","High Diversity","No","No",-0.181933252236454,0.516529965389048,-0.227414354504913,0.38858974037687,"Yes",0.759725450448809,NA,NA
"r_0486","glyceraldehyde 3-phosphate [cytoplasm] + NAD [cytoplasm] + phosphate [cytoplasm]  <=> 1,3-bisphospho-D-glycerate [cytoplasm] + H+ [cytoplasm] + NADH [cytoplasm] ","( YGR192C or YJL052W or YJR009C )","Low Diversity","High Diversity","No","No",0.352943325672402,0.180980820643477,0.292282414549689,0.245381217908503,"Yes",0.569987949404393,0.297307887281487,0.148933857508044
"r_0489","glycerol 3-phosphate [cytoplasm] + H2O [cytoplasm]  -> glycerol [cytoplasm] + phosphate [cytoplasm] ","( YER062C or YIL053W )","High Diversity","Low Diversity","Yes","Yes",0.520695539698492,0.024752652530557,0.601186761096986,0.00532050217962288,"Yes",0.709640531170713,NA,NA
"r_0491","dihydroxyacetone phosphate [cytoplasm] + H+ [cytoplasm] + NADH [cytoplasm]  -> glycerol 3-phosphate [cytoplasm] + NAD [cytoplasm] ","( YDL022W or YOL059W )","High Diversity","Low Diversity","No","No",0.417584546660972,0.0893469974665829,-0.0862162961562207,0.764961197716855,"No",0.431882168521675,NA,NA
"r_0499","10-formyl-THF [cytoplasm] + 5-phospho-ribosyl-glycineamide [cytoplasm]  -> 5'-phosphoribosyl-N-formylglycineamide [cytoplasm] + H+ [cytoplasm] + THF [cytoplasm] ","YDR408C","Not measured","High Diversity","No","Yes",NA,NA,0.596371234137139,0.00574471064438507,"Yes",0.650090334890969,0.678327013609789,0.000193964445288158
"r_0505","dihydrolipoamide [mitochondrion] + NAD [mitochondrion]  -> H+ [mitochondrion] + lipoamide [mitochondrion] + NADH [mitochondrion] ","(( YAL044C and YDR019C and YFL018C and YMR189W ) or ( YDR148C and YFL018C and YIL125W ))","High Diversity","High Diversity","No","No",0.0168945559676473,0.988246525616098,0.232522680093853,0.382398305359672,"No",0.273534095616384,0.219445859034227,0.291896270574368
"r_0510","H2O [cytoplasm] + UDP-D-glucose [cytoplasm]  -> glycogen [cytoplasm] + H+ [cytoplasm] + UDP [cytoplasm] ","(( YFR015C and YJL137C ) or ( YFR015C and YKR058W ) or ( YJL137C and YLR258W ) or ( YKR058W and YLR258W ))","Not measured","High Diversity","No","No",NA,NA,-0.552770796507273,0.0113104317588117,"No",-0.430263800818687,NA,NA
"r_0514","ATP [cytoplasm] + H2O [cytoplasm] + L-glutamine [cytoplasm] + xanthosine-5-phosphate [cytoplasm]  -> AMP [cytoplasm] + diphosphate [cytoplasm] + GMP [cytoplasm] + 2 H+ [cytoplasm] + L-glutamate [cytoplasm] ","YMR217W","High Diversity","High Diversity","No","No",0.375786376153719,0.144996085774336,-0.141185150870206,0.628272104739347,"Yes",0.470268670079825,0.684193409018139,0.000162189777586725
"r_0528","ATP [cytoplasm] + GMP [cytoplasm]  -> ADP [cytoplasm] + GDP [cytoplasm] ","YDR454C","Low Variability","High Diversity","No","No",0.273490018900047,0.358015021513824,0.294754770566892,0.241463322064572,"Yes",0.571021313028095,0.682366513752132,0.000171556132769661
"r_0534","ATP [cytoplasm] + D-glucose [cytoplasm]  -> ADP [cytoplasm] + D-glucose 6-phosphate [cytoplasm] + H+ [cytoplasm] ","( YLR446W or YCL040W or YFR053C or YGL253W )","Not measured","High Diversity","No","Yes",NA,NA,0.729370477381816,0.000257729710566656,"Yes",0.740185378642716,0.313284653675298,0.127280896960134
"r_0536","H2O [cytoplasm] + L-histidinol [cytoplasm] + 2 NAD [cytoplasm]  -> 3 H+ [cytoplasm] + L-histidine [cytoplasm] + 2 NADH [cytoplasm] ","YCL030C","High Diversity","High Diversity","Yes","Yes",0.823195840028642,1.13146935305001e-05,0.815890341642102,1.03364949104671e-05,"Yes",0.823570960293608,0.811197356243598,8.69553701835007e-07
"r_0537","H2O [cytoplasm] + L-histidinol phosphate [cytoplasm]  -> L-histidinol [cytoplasm] + phosphate [cytoplasm] ","YFR025C","Not measured","High Diversity","No","Yes",NA,NA,0.817423922373155,1.03364949104671e-05,"Yes",0.821219935951852,0.813189847951808,7.77773833817247e-07
"r_0538","3-(imidazol-4-yl)-2-oxopropyl dihydrogen phosphate [cytoplasm] + L-glutamate [cytoplasm]  -> 2-oxoglutarate [cytoplasm] + L-histidinol phosphate [cytoplasm] ","YIL116W","High Diversity","High Diversity","Yes","Yes",0.736570216866597,0.000262179734808849,0.815492104303916,1.03364949104671e-05,"Yes",0.821088523211529,0.812887143923747,7.91132975966067e-07
"r_0542","but-1-ene-1,2,4-tricarboxylic acid [mitochondrion] + H2O [mitochondrion]  <=> homoisocitrate [mitochondrion] ","( YJL200C or YDR234W )","High Diversity","High Diversity","No","Yes",0.21609007646744,0.43668752319819,0.512394128341047,0.0220092983800438,"Yes",0.566627760432656,0.317621994177115,0.121819025694214
"r_0545","homoisocitrate [mitochondrion] + NAD [mitochondrion]  -> 2-oxoadipic acid [mitochondrion] + carbon dioxide [mitochondrion] + H+ [mitochondrion] + NADH [mitochondrion] ","YIL094C","High Diversity","High Diversity","No","Yes",0.426724175584168,0.0813981180444201,0.530923668636102,0.0163409767518389,"Yes",0.570829613545637,0.311328335766484,0.129801724355333
"r_0547","H+ [cytoplasm] + L-aspartate 4-semialdehyde [cytoplasm] + NADPH [cytoplasm]  -> L-homoserine [cytoplasm] + NADP(+) [cytoplasm] ","YJR139C","Low Variability","High Diversity","No","No",0.219849019312164,0.436482434017548,0.321827369914573,0.196333010370906,"No",0.444691701906467,0.374331486908645,0.0652538715090346
"r_0548","ATP [cytoplasm] + L-homoserine [cytoplasm]  -> ADP [cytoplasm] + H+ [cytoplasm] + O-phospho-L-homoserine [cytoplasm] ","YHR025W","High Diversity","High Diversity","No","No",-0.0672856560639951,0.840937384895041,0.198527829336961,0.458126937053253,"No",0.298861286490693,0.410597782573309,0.0414705582633396
"r_0549","acetyl-CoA [cytoplasm] + L-homoserine [cytoplasm]  -> coenzyme A [cytoplasm] + O-acetyl-L-homoserine [cytoplasm] ","YNL277W","Not measured","High Diversity","No","Yes",NA,NA,0.456077654308272,0.0479492663706905,"Yes",0.494125021629146,0.0664567377597789,0.752290132832764
"r_0553","(R)-S-lactoylglutathione [cytoplasm] + H2O [cytoplasm]  -> (R)-lactate [cytoplasm] + glutathione [cytoplasm] + H+ [cytoplasm] ","YDR272W","Not measured","Low Diversity","No","No",NA,NA,-0.0947741329564837,0.747452927351538,"No",-0.064855726318722,NA,NA
"r_0563","5-[(5-phospho-1-deoxy-D-ribulos-1-ylamino)methylideneamino]-1-(5-phospho-D-ribosyl)imidazole-4-carboxamide [cytoplasm] + L-glutamine [cytoplasm]  -> AICAR [cytoplasm] + D-erythro-1-(imidazol-4-yl)glycerol 3-phosphate [cytoplasm] + H+ [cytoplasm] + L-glutamate [cytoplasm] ","YBR248C","Low Diversity","High Diversity","Yes","Yes",0.824346173987445,1.13146935305001e-05,0.807755906416638,1.39274077192297e-05,"Yes",0.828676097178463,0.812613016819068,8.03407803348627e-07
"r_0564","D-erythro-1-(imidazol-4-yl)glycerol 3-phosphate [cytoplasm]  -> 3-(imidazol-4-yl)-2-oxopropyl dihydrogen phosphate [cytoplasm] + H2O [cytoplasm] ","YOR202W","High Diversity","High Diversity","Yes","Yes",0.609466522991684,0.00432699540513921,0.813694618481121,1.06840313275813e-05,"Yes",0.821457047294585,0.812695945505571,7.9967656931929e-07
"r_0565","H2O [cytoplasm] + IMP [cytoplasm] + NAD [cytoplasm]  -> H+ [cytoplasm] + NADH [cytoplasm] + xanthosine-5-phosphate [cytoplasm] ","( YHR216W or YLR432W or YML056C )","High Diversity","High Diversity","No","Yes",0.18702814252481,0.507245973519581,0.652274134964094,0.00188010334585695,"Yes",0.704545715022956,0.681822299327228,0.000174436300738863
"r_0566","1-(2-carboxyphenylamino)-1-deoxy-D-ribulose 5-phosphate [cytoplasm] + H+ [cytoplasm]  -> 1-C-(indol-3-yl)glycerol 3-phosphate [cytoplasm] + carbon dioxide [cytoplasm] + H2O [cytoplasm] ","YKL211C","Low Diversity","High Diversity","No","No",0.0787257681808231,0.806601091487963,0.0698721592077871,0.788319646386136,"No",0.171411977582983,0.106879594278129,0.611103173276114
"r_0568","diphosphate [cytoplasm] + H2O [cytoplasm]  -> H+ [cytoplasm] + 2 phosphate [cytoplasm] ","YBR011C","Low Diversity","Low Diversity","No","No",-0.0583174279153804,0.871216680338838,NA,NA,"No",0,NA,NA
"r_0570","phosphoribosyl-formamido-carboxamide [cytoplasm]  <=> H2O [cytoplasm] + IMP [cytoplasm] ","( YLR028C or YMR120C )","High Diversity","High Diversity","Yes","Yes",0.505046605912554,0.0289050252607355,0.71073401301615,0.000441602360620251,"Yes",0.749413464584516,0.692614516066194,0.000124563093572799
"r_0658","isocitrate [mitochondrion] + NAD [mitochondrion]  -> 2-oxoglutarate [mitochondrion] + carbon dioxide [mitochondrion] + NADH [mitochondrion] ","( YNL037C and YOR136W )","High Diversity","High Diversity","No","No",-0.068658612400797,0.840937384895041,-0.00244935096158997,0.995424394036811,"No",0.356207698553782,0.170788381477685,0.414359364550888
"r_0663","2-oxoglutarate [cytoplasm] + L-isoleucine [cytoplasm]  <=> (S)-3-methyl-2-oxopentanoate [cytoplasm] + L-glutamate [cytoplasm] ","YJR148W","High Diversity","High Diversity","No","No",0.231617361131984,0.422260085639928,0.279620126518284,0.272086136033608,"No",0.376169042042897,0.199760725542025,0.33838295172469
"r_0669","(S)-2-acetyl-2-hydroxybutanoate [mitochondrion] + H+ [mitochondrion] + NADPH [mitochondrion]  -> (2R,3R)-2,3-dihydroxy-3-methylpentanoate [mitochondrion] + NADP(+) [mitochondrion] ","YLR355C","Low Diversity","High Diversity","No","No",0.198053372437837,0.477210707840184,0.337760420867844,0.175944901428086,"No",0.359023095448534,0.202914478226964,0.330652427108633
"r_0678","ATP [cytoplasm] + H+ [cytoplasm] + L-2-aminoadipate [cytoplasm] + NADPH [cytoplasm]  -> AMP [cytoplasm] + diphosphate [cytoplasm] + L-allysine [cytoplasm] + NADP(+) [cytoplasm] ","( YBR115C and YGL154C )","Not measured","High Diversity","No","Yes",NA,NA,0.576783502384659,0.0076993681118105,"Yes",0.638128854515687,0.317179503002745,0.12236827380253
"r_0692","L-threonine [cytoplasm]  -> 2-oxobutanoate [cytoplasm] + ammonium [cytoplasm] ","YCL064C","Not measured","High Diversity","No","No",NA,NA,0.15187123939714,0.601101244255941,"No",0.290610971545691,0.0969657055187828,0.644729518011312
"r_0697","glutathione [cytoplasm] + methylglyoxal [cytoplasm]  -> (R)-S-lactoylglutathione [cytoplasm] ","YML004C","Low Diversity","Low Diversity","No","No",-0.00774265312020772,0.988246525616098,-0.0998893775307456,0.739365520706623,"No",-0.0130140345572576,NA,NA
"r_0699","2-oxoglutarate [cytoplasm] + L-leucine [cytoplasm]  <=> 4-methyl-2-oxopentanoate [cytoplasm] + L-glutamate [cytoplasm] ","YJR148W","High Diversity","Low Diversity","No","No",-0.764262978713113,9.7019491954749e-05,-0.862300482781642,1.51730318016191e-06,"No",-0.741298126865826,-0.79216559935226,2.37321801008572e-06
"r_0713","(S)-malate [mitochondrion] + NAD [mitochondrion]  <=> H+ [mitochondrion] + NADH [mitochondrion] + oxaloacetate [mitochondrion] ","YKL085W","Low Diversity","High Diversity","No","No",0.16957080923112,0.552272265455836,0.0952913885913177,0.747452927351538,"No",0.185494047595794,0.177072547900859,0.397130941470629
"r_0718","(S)-malate [mitochondrion] + NAD [mitochondrion]  -> carbon dioxide [mitochondrion] + NADH [mitochondrion] + pyruvate [mitochondrion] ","YKL029C","High Diversity","High Diversity","Yes","Yes",0.782701067579949,5.87544105316125e-05,0.789996946680794,2.94964344235134e-05,"Yes",0.83005405269407,NA,NA
"r_0722","D-mannose 1-phosphate [cytoplasm] + GTP [cytoplasm] + H+ [cytoplasm]  -> diphosphate [cytoplasm] + GDP-alpha-D-mannose [cytoplasm] ","YDL055C","High Diversity","High Diversity","No","No",-0.508317112302751,0.0281322869264951,0.220371044477881,0.404215994472566,"Yes",0.668437642127156,-0.622221641021382,0.000896581390379302
"r_0723","D-mannose 6-phosphate [cytoplasm]  <=> D-fructose 6-phosphate [cytoplasm] ","YER003C","Low Diversity","High Diversity","No","No",-0.332278338303992,0.2176226482607,0.408323825564901,0.0879364073675605,"Yes",0.652646426248174,-0.6384789369704,0.000593332386581383
"r_0727","5-methyltetrahydrofolate [cytoplasm] + L-homocysteine [cytoplasm]  -> H+ [cytoplasm] + L-methionine [cytoplasm] + THF [cytoplasm] ","YER091C","High Diversity","High Diversity","Yes","Yes",0.488901467764693,0.0353335372763758,0.460949594495632,0.0450318790301706,"Yes",0.489691077864252,0.254344347058695,0.219854497626306
"r_0759","H+ [mitochondrion] + N-acetyl-L-gamma-glutamyl phosphate [mitochondrion] + NADPH [mitochondrion]  -> 2-acetamido-5-oxopentanoate [mitochondrion] + NADP(+) [mitochondrion] + phosphate [mitochondrion] ","YER069W","Low Diversity","High Diversity","Yes","Yes",0.640491132606357,0.00231068751694935,0.769319272536102,6.71835054541095e-05,"Yes",0.829237866866939,0.762302829509286,9.47646016166397e-06
"r_0770","H+ [cytoplasm] + NADH [cytoplasm] + ubiquinone-6 [mitochondrion]  -> NAD [cytoplasm] + ubiquinol-6 [mitochondrion] ","( YDL085W or YMR145C )","Low Diversity","High Diversity","No","No",-0.0090109139280939,0.988246525616098,-0.0584602196517832,0.808019561947798,"No",-0.0090132968429295,0.504047825592017,0.0101961434378734
"r_0773","H+ [mitochondrion] + NADH [mitochondrion] + ubiquinone-6 [mitochondrion]  -> NAD [mitochondrion] + ubiquinol-6 [mitochondrion] ","YML120C","High Diversity","High Diversity","No","No",0.143004469553781,0.622035903161854,0.111079502218042,0.719210357516982,"No",0.143002647711321,0.0606802828451532,0.773244282816823
"r_0799","ATP [cytoplasm] + dTDP [cytoplasm]  -> ADP [cytoplasm] + dTTP [cytoplasm] ","YKL067W","High Diversity","High Diversity","No","No",0.227351756482006,0.425172369831704,0.227107052274684,0.38858974037687,"No",0.227938780113139,-0.463217165669927,0.0197025538977362
"r_0800","ATP [cytoplasm] + GDP [cytoplasm]  -> ADP [cytoplasm] + GTP [cytoplasm] ","YKL067W","High Diversity","High Diversity","No","No",-0.228140808744625,0.425172369831704,NA,NA,"No",0,0.579478839943003,0.00239981497926658
"r_0811","ATP [cytoplasm] + UDP [cytoplasm]  -> ADP [cytoplasm] + UTP [cytoplasm] ","YKL067W","High Diversity","High Diversity","No","No",-0.351157639188346,0.182101626984824,-0.34634220286933,0.162868148590064,"No",0.153168223127114,0.189961476191634,0.363085663543402
"r_0813","hydrogen sulfide [cytoplasm] + O-acetyl-L-homoserine [cytoplasm]  -> acetate [cytoplasm] + H+ [cytoplasm] + L-homocysteine [cytoplasm] ","YLR303W","High Diversity","High Diversity","No","Yes",-0.00270032938601997,0.989779067264531,0.454818973111769,0.0483573969151767,"Yes",0.58340281617168,0.0777506418422875,0.711821774641669
"r_0816","carbamoyl phosphate [cytoplasm] + ornithine [cytoplasm]  -> H+ [cytoplasm] + L-citrulline [cytoplasm] + phosphate [cytoplasm] ","YJL088W","High Diversity","High Diversity","Yes","Yes",0.72485428196027,0.000381806803015264,0.47761664086808,0.0353927370058782,"Yes",0.766916837376582,0.758422507345308,1.11803313219294e-05
"r_0818","L-glutamate [mitochondrion] + N(2)-acetyl-L-ornithine [mitochondrion]  -> N-acetyl-L-glutamate [mitochondrion] + ornithine [mitochondrion] ","YMR062C","Low Diversity","High Diversity","Yes","Yes",0.812198404203,1.8325484401044e-05,0.761709368944418,8.58696002193199e-05,"Yes",0.829443795921677,0.762807974924698,9.27256336211641e-06
"r_0820","diphosphate [cytoplasm] + orotidine 5'-(dihydrogen phosphate) [cytoplasm]  <=> orotate [cytoplasm] + PRPP [cytoplasm] ","( YML106W or YMR271C )","Not measured","High Diversity","No","No",NA,NA,-0.709743057885093,0.000441602360620251,"Yes",0.577035045825559,0.11902779637139,0.570924130610355
"r_0821","H+ [cytoplasm] + orotidine 5'-(dihydrogen phosphate) [cytoplasm]  -> carbon dioxide [cytoplasm] + UMP [cytoplasm] ","YEL021W","High Diversity","High Diversity","Yes","No",0.668687930159723,0.00134191664406946,-0.712459066950692,0.000441253514626435,"Yes",0.71333581658042,0.119139048914179,0.570561665767914
"r_0831","coenzyme A [mitochondrion] + S(8)-succinyldihydrolipoamide [mitochondrion]  -> dihydrolipoamide [mitochondrion] + succinyl-CoA [mitochondrion] ","( YDR148C and YFL018C and YIL125W )","Low Diversity","Low Diversity","No","No",0.192790867443913,0.491258477706242,0.258827217814332,0.318081729569065,"No",0.288738005054359,0.258639251550592,0.211898075006752
"r_0832","2-oxoglutarate [mitochondrion] + H+ [mitochondrion] + lipoamide [mitochondrion]  -> carbon dioxide [mitochondrion] + S(8)-succinyldihydrolipoamide [mitochondrion] ","( YDR148C and YFL018C and YIL125W )","Low Diversity","High Diversity","No","No",0.148212952397162,0.608195185340743,0.217321563657587,0.411127331541081,"No",0.254324686612461,0.227372155386348,0.274370490061064
"r_0855","5'-phosphoribosyl-N-formylglycineamidine [cytoplasm] + ATP [cytoplasm]  -> 5'-phosphoribosyl-5-aminoimidazole [cytoplasm] + ADP [cytoplasm] + 2 H+ [cytoplasm] + phosphate [cytoplasm] ","YGL234W","High Diversity","High Diversity","Yes","Yes",0.665658153915718,0.00137329950018701,0.588000578434073,0.0065644935714328,"Yes",0.699153215579486,0.680452506054763,0.000181873882236667
"r_0883","3'-phospho-5'-adenylyl sulfate [cytoplasm] + TRX1 [cytoplasm]  -> adenosine 3',5'-bismonophosphate [cytoplasm] + 2 H+ [cytoplasm] + sulphite [cytoplasm] + TRX1 disulphide [cytoplasm] ","(( YGR209C and YPR167C ) or ( YLR043C and YPR167C ))","High Diversity","High Diversity","No","No",-0.217064061675841,0.43668752319819,-0.0669787402085561,0.791077701794939,"No",0.231061398387375,-0.131221936225551,0.531818675478365
"r_0886","ATP [cytoplasm] + D-fructose 6-phosphate [cytoplasm]  -> ADP [cytoplasm] + D-fructose 1,6-bisphosphate [cytoplasm] + H+ [cytoplasm] ","( YMR205C or ( YGR240C and YMR205C ))","High Diversity","High Diversity","Yes","No",0.495545148428957,0.0322151183157899,0.271448977341221,0.290544108906734,"Yes",0.495487974296524,0.324013004385412,0.114085412155012
"r_0887","ATP [cytoplasm] + sedoheptulose 7-phosphate [cytoplasm]  -> ADP [cytoplasm] + H+ [cytoplasm] + sedoheptulose 1,7-bisphosphate [cytoplasm] ","( YMR205C or ( YGR240C and YMR205C ))","High Diversity","High Diversity","No","No",-0.216561409531709,0.43668752319819,-0.125769623076673,0.676854636939607,"No",0.025959896645865,-0.206211181920759,0.322686522312091
"r_0888","D-glucose 6-phosphate [cytoplasm]  <=> D-glucose 1-phosphate [cytoplasm] ","( YMR105C or YKL127W )","High Diversity","High Diversity","No","No",-0.212375825747517,0.445043861995228,-0.108857529667855,0.724012517638457,"No",0.376471023950662,0.263416473750386,0.203278858867334
"r_0889","6-phospho-D-gluconate [cytoplasm] + NADP(+) [cytoplasm]  -> carbon dioxide [cytoplasm] + D-ribulose 5-phosphate [cytoplasm] + NADPH [cytoplasm] ","( YGR256W or YHR183W )","High Diversity","High Diversity","No","No",0.100172915561811,0.737824859807077,0.0143816862662001,0.954608058538594,"No",0.100168822997623,-0.203277421798359,0.329769672268252
"r_0891","3-phosphonato-D-glycerate(3-) [cytoplasm] + NAD [cytoplasm]  -> 3-phospho-hydroxypyruvate [cytoplasm] + H+ [cytoplasm] + NADH [cytoplasm] ","( YER081W or YIL074C )","High Diversity","High Diversity","No","No",-0.0979478933227799,0.741134336301439,0.0458970923846874,0.839423771065272,"No",0.170953062525917,0.0995122546536066,0.636023647873269
"r_0892","1,3-bisphospho-D-glycerate [cytoplasm] + ADP [cytoplasm]  <=> 3-phosphonato-D-glycerate(3-) [cytoplasm] + ATP [cytoplasm] ","YCR012W","Low Diversity","Low Diversity","No","No",0.206997986038176,0.454956646000209,0.325001392453534,0.192742627689259,"Yes",0.542161244742712,0.322038912259305,0.116434657090284
"r_0893","3-phosphonato-D-glycerate(3-) [cytoplasm]  <=> 2-phospho-D-glyceric acid [cytoplasm] ","( YOR283W or YKL152C )","High Diversity","High Diversity","No","No",0.392445487345924,0.120046087096588,0.317814608891318,0.201367707374673,"No",0.475469697682221,0.275254368757719,0.182956270598105
"r_0902","D-mannose 1-phosphate [cytoplasm]  <=> D-mannose 6-phosphate [cytoplasm] ","YFL045C","High Diversity","High Diversity","No","No",-0.455265601330829,0.0558730816130879,-0.201342362552323,0.451671523639135,"Yes",0.590056582425689,-0.623363463520473,0.000871604021741444
"r_0908","ATP [cytoplasm] + L-aspartate [cytoplasm] + phosphoribosyl-carboxy-aminoimidazole [cytoplasm]  -> 5'-phosphoribosyl-4-(N-succinocarboxamide)-5-aminoimidazole [cytoplasm] + ADP [cytoplasm] + H+ [cytoplasm] + phosphate [cytoplasm] ","YAR015W","High Diversity","High Diversity","Yes","Yes",0.653011739442686,0.00184447611666675,0.611272362738194,0.00435063005036738,"Yes",0.707678644696894,0.679177591238264,0.0001890442044138
"r_0909","1-(5-phosphoribosyl)-5'-AMP [cytoplasm] + H2O [cytoplasm]  -> 1-(5-phospho-D-ribosyl)-5-[(5-phospho-D-ribosylamino)methylideneamino]imidazole-4-carboxamide [cytoplasm] ","YCL030C","High Diversity","High Diversity","Yes","Yes",0.82844120008027,1.13146935305001e-05,0.82588510140244,8.47264708938035e-06,"Yes",0.855804486240079,0.814438372647729,7.24781775766909e-07
"r_0910","5-phosphoribosyl-ATP [cytoplasm] + H2O [cytoplasm]  -> 1-(5-phosphoribosyl)-5'-AMP [cytoplasm] + diphosphate [cytoplasm] + H+ [cytoplasm] ","YCL030C","High Diversity","High Diversity","Yes","Yes",0.82713624082037,1.13146935305001e-05,0.824613290054917,8.47264708938035e-06,"Yes",0.841160109489118,0.814095124112033,7.39018229775174e-07
"r_0911","5'-phosphoribosyl-5-aminoimidazole [cytoplasm] + ATP [cytoplasm] + carbon dioxide [cytoplasm] + H2O [cytoplasm]  -> ADP [cytoplasm] + H+ [cytoplasm] + phosphate [cytoplasm] + phosphoribosyl-carboxy-aminoimidazole [cytoplasm] ","YOR128C","High Diversity","High Diversity","Yes","Yes",0.524864635522501,0.0234451132210852,0.600188854099399,0.00535326860630462,"Yes",0.699798949764457,0.676462897602047,0.000205141124598435
"r_0912","10-formyl-THF [cytoplasm] + AICAR [cytoplasm]  <=> phosphoribosyl-formamido-carboxamide [cytoplasm] + THF [cytoplasm] ","( YLR028C or YMR120C )","High Diversity","High Diversity","Yes","Yes",0.504078051783536,0.0289050252607355,0.701350262232764,0.000568445266326417,"Yes",0.748227251726208,0.687743835149254,0.000145260218057219
"r_0913","N-(5-phospho-beta-D-ribosyl)anthranilate [cytoplasm]  -> 1-(2-carboxyphenylamino)-1-deoxy-D-ribulose 5-phosphate [cytoplasm] ","YDR007W","Not measured","High Diversity","No","No",NA,NA,0.0803768065788605,0.770965983501207,"No",0.164296560423782,0.107799107766965,0.608021422441072
"r_0914","5-phosphoribosylamine [cytoplasm] + ATP [cytoplasm] + L-glycine [cytoplasm]  -> 5-phospho-ribosyl-glycineamide [cytoplasm] + ADP [cytoplasm] + H+ [cytoplasm] + phosphate [cytoplasm] ","YGL234W","High Diversity","High Diversity","Yes","Yes",0.66620773144419,0.00137329950018701,0.613312606322291,0.00429242939655667,"Yes",0.683178113883522,0.677038312508103,0.000201632519468915
"r_0915","H2O [cytoplasm] + L-glutamine [cytoplasm] + PRPP [cytoplasm]  -> 5-phosphoribosylamine [cytoplasm] + diphosphate [cytoplasm] + L-glutamate [cytoplasm] ","YMR300C","High Diversity","High Diversity","Yes","Yes",0.635623107629023,0.00249222434626161,0.582752158981606,0.00707524670615892,"Yes",0.682376221878961,0.679765595414383,0.000185707017891191
"r_0916","ATP [cytoplasm] + ribose-5-phosphate [cytoplasm]  -> AMP [cytoplasm] + H+ [cytoplasm] + PRPP [cytoplasm] ","(( YKL181W and YER099C ) or ( YKL181W and YHL011C ) or ( YKL181W and YBL068W ) or ( YER099C and YOL061W ) or ( YBL068W and YOL061W ))","Not measured","High Diversity","No","No",NA,NA,0.435982563162388,0.0622393514265154,"Yes",0.749964908644527,-0.148692470374959,0.478102130898453
"r_0917","3-phospho-serine [cytoplasm] + H2O [cytoplasm]  -> L-serine [cytoplasm] + phosphate [cytoplasm] ","YGR208W","Not measured","High Diversity","No","No",NA,NA,0.0759347074731387,0.774103159678746,"No",0.355372234485747,0.177329105814051,0.396436258698191
"r_0918","3-phospho-hydroxypyruvate [cytoplasm] + L-glutamate [cytoplasm]  -> 2-oxoglutarate [cytoplasm] + 3-phospho-serine [cytoplasm] ","YOR184W","High Diversity","High Diversity","No","No",0.294853149697487,0.308919907298862,0.0795313390101354,0.770965983501207,"No",0.285435655840993,0.143372915378518,0.494158797054381
"r_0938","H+ [cytoplasm] + prephenate [cytoplasm]  -> carbon dioxide [cytoplasm] + H2O [cytoplasm] + keto-phenylpyruvate [cytoplasm] ","YNL316C","Not measured","High Diversity","No","Yes",NA,NA,0.550867053113562,0.0115943419015861,"Yes",0.572788641560153,0.431994393232118,0.0310458203782889
"r_0939","NADP(+) [cytoplasm] + prephenate [cytoplasm]  -> 3-(4-hydroxyphenyl)pyruvate [cytoplasm] + carbon dioxide [cytoplasm] + NADPH [cytoplasm] ","YBR166C","Not measured","High Diversity","No","Yes",NA,NA,0.78209154885021,4.10962223779159e-05,"Yes",0.805025552219334,0.805495350054401,1.18814880817248e-06
"r_0957","1-pyrroline-5-carboxylate [cytoplasm] + 2 H+ [cytoplasm] + NADPH [cytoplasm]  -> L-proline [cytoplasm] + NADP(+) [cytoplasm] ","YER023W","High Diversity","High Diversity","No","Yes",-0.264117563670501,0.379727079089756,0.565160771144585,0.00928760001169514,"Yes",0.638567663463471,0.599873061712953,0.00152609425783903
"r_0958","ATP [cytoplasm] + bicarbonate [cytoplasm] + pyruvate [cytoplasm]  -> ADP [cytoplasm] + H+ [cytoplasm] + oxaloacetate [cytoplasm] + phosphate [cytoplasm] ","( YBR218C or YGL062W )","Low Diversity","Low Diversity","Yes","No",0.512052513667768,0.0281322869264951,0.395056203030284,0.102249927361264,"Yes",0.51310316237577,NA,NA
"r_0959","H+ [cytoplasm] + pyruvate [cytoplasm]  -> acetaldehyde [cytoplasm] + carbon dioxide [cytoplasm] ","( YGR087C or YLR044C or YLR134W )","High Diversity","High Diversity","Yes","Yes",0.688181839599725,0.000798291312948712,0.720140369273966,0.000348348898003836,"Yes",0.743103594547438,0.347341603594377,0.0888999937347221
"r_0961","coenzyme A [mitochondrion] + NAD [mitochondrion] + pyruvate [mitochondrion]  -> acetyl-CoA [mitochondrion] + carbon dioxide [mitochondrion] + NADH [mitochondrion] ","( YBR221C and YER178W and YFL018C and YGR193C and YNL071W )","Low Diversity","High Diversity","No","No",0.258577729570768,0.384577469909194,0.284210968764321,0.262732828730586,"No",0.326638200715224,NA,NA
"r_0962","ADP [cytoplasm] + H+ [cytoplasm] + phosphoenolpyruvate [cytoplasm]  -> ATP [cytoplasm] + pyruvate [cytoplasm] ","( YAL038W or YOR347C )","High Diversity","Low Diversity","Yes","Yes",0.534676150414273,0.0199888687722361,0.491933637919864,0.0297706465744608,"Yes",0.601584906121118,0.329299956369263,0.107965367490971
"r_0970","ATP [cytoplasm] + TRX1 [cytoplasm]  -> dATP [cytoplasm] + H2O [cytoplasm] + TRX1 disulphide [cytoplasm] ","YGR209C","High Diversity","High Diversity","No","No",-0.24037712369312,0.413042060220297,-0.585189677209369,0.00681091276869383,"No",0.0861657676627682,NA,NA
"r_0971","CTP [cytoplasm] + TRX1 [cytoplasm]  -> dCTP [cytoplasm] + H2O [cytoplasm] + TRX1 disulphide [cytoplasm] ","YGR209C","High Diversity","High Diversity","No","No",-0.239342339829379,0.413042060220297,-0.60687604246081,0.00474170987075924,"No",-0.226512381556515,NA,NA
"r_0973","UTP [cytoplasm] + TRX1 [cytoplasm]  -> dUTP [cytoplasm] + H2O [cytoplasm] + TRX1 disulphide [cytoplasm] ","YGR209C","High Diversity","High Diversity","No","No",-0.239867317883647,0.413042060220297,-0.590225894123751,0.00648822769585532,"No",-0.240126931109365,-0.459495268069713,0.020844073213816
"r_0982","D-ribulose 5-phosphate [cytoplasm]  <=> ribose-5-phosphate [cytoplasm] ","YOR095C","Not measured","High Diversity","No","No",NA,NA,-0.188422251282096,0.486353376515532,"No",-0.0635052197393761,-0.241192801881782,0.245450760360313
"r_0984","D-ribulose 5-phosphate [cytoplasm]  <=> D-xylulose 5-phosphate [cytoplasm] ","YJL121C","Low Variability","Low Diversity","No","No",-0.0450840311736245,0.906061619447102,-0.0934997911590568,0.748441651602373,"No",0.0148654909451399,0.151538146467736,0.469623354737889
"r_0988","H2O [cytoplasm] + L-saccharopine [cytoplasm] + NAD [cytoplasm]  -> 2-oxoglutarate [cytoplasm] + H+ [cytoplasm] + L-lysine [cytoplasm] + NADH [cytoplasm] ","YIR034C","High Diversity","High Diversity","No","Yes",0.330444824085297,0.218959675383541,0.58769617000952,0.0065644935714328,"Yes",0.640575117571898,0.312219414314364,0.128649073990603
"r_0989","H+ [cytoplasm] + L-allysine [cytoplasm] + L-glutamate [cytoplasm] + NADPH [cytoplasm]  -> H2O [cytoplasm] + L-saccharopine [cytoplasm] + NADP(+) [cytoplasm] ","YNR050C","High Diversity","High Diversity","No","Yes",0.438173239336606,0.0704797651484006,0.579783921541219,0.00732515628080279,"Yes",0.637874268983847,0.311603739452537,0.129444681773585
"r_0990","sedoheptulose 1,7-bisphosphate [cytoplasm]  <=> D-erythrose 4-phosphate [cytoplasm] + dihydroxyacetone phosphate [cytoplasm] ","YKL060C","High Diversity","Low Diversity","No","No",-0.258705271401523,0.384577469909194,-0.150230789635466,0.601101244255941,"No",-0.0691196240610022,-0.0937156109025754,0.655906832733531
"r_0996","3-dehydroshikimate [cytoplasm] + H+ [cytoplasm] + NADPH [cytoplasm]  -> NADP(+) [cytoplasm] + shikimate [cytoplasm] ","YDR127W","High Diversity","High Diversity","Yes","Yes",0.712789492906201,0.000450025235034885,0.667428057048337,0.00135110898334563,"Yes",0.718787208923098,0.667138331026517,0.000269926547127838
"r_0997","ATP [cytoplasm] + shikimate [cytoplasm]  -> 3-phosphoshikimic acid [cytoplasm] + ADP [cytoplasm] + H+ [cytoplasm] ","YDR127W","High Diversity","High Diversity","Yes","Yes",0.71045913919726,0.000450025235034885,0.67649872879768,0.00108608180164578,"Yes",0.717982805520424,0.665106087443778,0.000286207941888968
"r_1021","succinate [mitochondrion] + ubiquinone-6 [mitochondrion]  <=> fumarate [mitochondrion] + ubiquinol-6 [mitochondrion] ","(( YDR178W and YJL045W and YKL141W and YLL041C ) or ( YDR178W and YKL141W and YKL148C and YLL041C ) or ( YLR164W and YJL045W and YKL141W and YLL041C ))","Not measured","High Diversity","No","No",NA,NA,0.21246259628655,0.423869260572949,"Yes",0.60055137977038,0.256272634336242,0.216257921826849
"r_1022","ADP [mitochondrion] + phosphate [mitochondrion] + succinyl-CoA [mitochondrion]  -> ATP [mitochondrion] + coenzyme A [mitochondrion] + succinate [mitochondrion] ","( YGR244C and YOR142W )","High Diversity","High Diversity","Yes","No",0.476709139485693,0.0422603604305632,0.401397553218103,0.0952490075950679,"Yes",0.47659232912217,0.232765223538227,0.26283793259392
"r_1026","ADP [cytoplasm] + H+ [cytoplasm] + sulphate [cytoplasm]  -> 5'-adenylyl sulfate [cytoplasm] + phosphate [cytoplasm] ","YCL050C","High Diversity","High Diversity","No","No",-0.0107323167569288,0.988246525616098,0.0466357985198854,0.839423771065272,"No",0.314960084372235,-0.132361089204677,0.528231386057083
"r_1027","5 H+ [cytoplasm] + 3 NADPH [cytoplasm] + sulphite [cytoplasm]  -> 3 H2O [cytoplasm] + hydrogen sulfide [cytoplasm] + 3 NADP(+) [cytoplasm] ","( YFR030W and YJR137C )","High Diversity","High Diversity","No","No",-0.365671693718404,0.16099407248726,-0.0840169570480561,0.765512055475189,"No",0.11980232285537,-0.136963847841253,0.513855117798397
"r_1038","H+ [cytoplasm] + NADPH [cytoplasm] + TRX1 disulphide [cytoplasm]  -> NADP(+) [cytoplasm] + TRX1 [cytoplasm] ","(( YDR353W and YGR209C ) or ( YDR353W and YLR043C ) or YDR353W )","Low Diversity","High Diversity","No","No",-0.225706118075669,0.425172369831704,-0.367806437780731,0.133385391778603,"No",-0.122957211378839,NA,NA
"r_1041","H2O [cytoplasm] + O-phospho-L-homoserine [cytoplasm]  -> L-threonine [cytoplasm] + phosphate [cytoplasm] ","YCR053W","High Diversity","High Diversity","No","No",0.234417207641225,0.420348822465427,0.196954621062142,0.460468672324675,"No",0.287608397021566,0.41286951356721,0.0402476899280718
"r_1045","5,10-methylenetetrahydrofolate [cytoplasm] + dUMP [cytoplasm]  -> dihydrofolic acid [cytoplasm] + dTMP [cytoplasm] ","YOR074C","High Diversity","High Diversity","No","No",-0.1586382834981,0.583454398943946,-0.687505498548852,0.00083852354160777,"No",-0.158691683983308,-0.459841755934249,0.0207355867486112
"r_1049","D-xylulose 5-phosphate [cytoplasm] + ribose-5-phosphate [cytoplasm]  <=> glyceraldehyde 3-phosphate [cytoplasm] + sedoheptulose 7-phosphate [cytoplasm] ","( YBR117C or YPR074C )","Low Diversity","Low Diversity","No","No",-0.0138127235789964,0.988246525616098,-0.0842044206790383,0.765512055475189,"No",0.0837198890587933,0.129168040327432,0.538315522968281
"r_1050","D-erythrose 4-phosphate [cytoplasm] + D-xylulose 5-phosphate [cytoplasm]  <=> D-fructose 6-phosphate [cytoplasm] + glyceraldehyde 3-phosphate [cytoplasm] ","( YBR117C or YPR074C )","Low Diversity","Low Diversity","No","No",0.360962369382905,0.167585638835396,0.13969795608878,0.630271439996942,"No",0.360962328593097,-0.0860647022132117,0.682500769068248
"r_1051","alpha,alpha-trehalose 6-phosphate [cytoplasm] + H2O [cytoplasm]  -> phosphate [cytoplasm] + trehalose [cytoplasm] ","(( YBR126C and YDR074W and YML100W ) or ( YBR126C and YDR074W and YMR261C ))","High Diversity","Low Diversity","Yes","Yes",0.705437327966031,0.000511200758823769,0.669722158370585,0.00129473731568014,"Yes",0.705436628839246,NA,NA
"r_1054","dihydroxyacetone phosphate [cytoplasm]  <=> glyceraldehyde 3-phosphate [cytoplasm] ","YDR050C","High Diversity","Low Diversity","Yes","No",0.500904526320223,0.029964747257214,0.350540791901816,0.156810677812399,"Yes",0.573841209819464,0.322988034561775,0.115300781063866
"r_1055","1-C-(indol-3-yl)glycerol 3-phosphate [cytoplasm] + L-serine [cytoplasm]  -> glyceraldehyde 3-phosphate [cytoplasm] + H2O [cytoplasm] + L-tryptophan [cytoplasm] ","YGL026C","High Diversity","High Diversity","No","No",-0.0123535362619924,0.988246525616098,0.171660511711869,0.539087264192043,"No",0.207411844853089,0.107867372214763,0.607792892046855
"r_1072","ATP [cytoplasm] + UMP [cytoplasm]  -> ADP [cytoplasm] + UDP [cytoplasm] ","YKL024C","High Diversity","High Diversity","No","No",-0.124785713265494,0.667898305905114,-0.0650179106315558,0.791077701794939,"No",0.189961800540226,-0.060492623482637,0.773927699356069
"r_1074","PRPP [cytoplasm] + uracil [cytoplasm]  -> diphosphate [cytoplasm] + UMP [cytoplasm] ","YHR128W","High Diversity","Low Diversity","No","No",0.461054759433759,0.0520666651105425,0.361268746045769,0.141343643680544,"No",0.461054600152323,-0.192405531429573,0.35682822960467
"r_1084","D-glucose 1-phosphate [cytoplasm] + H+ [cytoplasm] + UTP [cytoplasm]  <=> diphosphate [cytoplasm] + UDP-D-glucose [cytoplasm] ","( YHL012W or YKL035W )","Not measured","High Diversity","No","No",NA,NA,-0.35802683215796,0.145397910662475,"No",-0.254787603715515,NA,NA
"r_1088","2-oxoglutarate [mitochondrion] + L-valine [mitochondrion]  <=> 3-methyl-2-oxobutanoate [mitochondrion] + L-glutamate [mitochondrion] ","YHR208W","Low Diversity","High Diversity","No","Yes",0.425103386498994,0.0819458107101284,0.507742787915558,0.0235875899648362,"Yes",0.614334797441678,0.397980099683647,0.0488060295037411
"r_1106","acetate [cytoplasm]  <=> acetate [extracellular] ","YCR010C","Not measured","Low Diversity","No","No",NA,NA,-0.372480704928307,0.127566564900343,"Yes",0.504866186076224,NA,NA
"r_1110","ADP [cytoplasm] + ATP [mitochondrion]  <=> ADP [mitochondrion] + ATP [cytoplasm] ","( YBL030C or YBR085W or YMR056C )","Not measured","High Diversity","No","No",NA,NA,NA,NA,"No",0,NA,NA
"r_1115","ammonium [extracellular]  <=> ammonium [cytoplasm] ","( YDR384C or YGR121C or YNL142W or YPR138C )","Not measured","High Diversity","No","Yes",NA,NA,0.488139865672718,0.0309879470754493,"Yes",0.698424759187409,NA,NA
"r_1136","(R)-lactate [extracellular] + H+ [extracellular]  <=> (R)-lactate [cytoplasm] + H+ [cytoplasm] ","YKL217W","Low Diversity","Low Diversity","No","No",-0.511002218837789,0.0281322869264951,-0.556779789118249,0.0105790601083349,"No",-0.425664559272979,NA,NA
"r_1166","D-glucose [extracellular]  -> D-glucose [cytoplasm] ","( YDL245C or YDL247W or YDR342C or YDR343C or YDR345C or YDR536W or YEL069C or YFL011W or YHR092C or YHR094C or YHR096C or YJL214W or YJL219W or YJR158W or YJR160C or YLR081W or YMR011W or YNR072W or YOL156W or YDR387C )","Not measured","High Diversity","No","Yes",NA,NA,0.737406822463524,0.000204482412450591,"Yes",0.802293044758082,NA,NA
"r_1172","glycerol [cytoplasm]  -> glycerol [extracellular] ","( YFL054C or YLL043W )","Not measured","Low Diversity","No","No",NA,NA,0.760476045806439,8.68987139060619e-05,"No",0.725992406570158,NA,NA
"r_1211","H+ [extracellular] + L-leucine [extracellular]  <=> H+ [cytoplasm] + L-leucine [cytoplasm] ","( YBR068C or YBR069C or YCL025C or YDR046C or YDR508C or YKR039W )","Not measured","Low Diversity","No","Yes",NA,NA,0.946181735357872,9.88502205791382e-11,"Yes",0.987945006705834,NA,NA
"r_1237","H+ [cytoplasm] + ornithine [mitochondrion]  -> H+ [mitochondrion] + ornithine [cytoplasm] ","YOR130C","Not measured","High Diversity","No","Yes",NA,NA,0.756946034624826,9.70053079750604e-05,"Yes",0.872499145409896,0.759343053862116,1.07532277121429e-05
"r_1244","H+ [extracellular] + phosphate [extracellular]  <=> H+ [cytoplasm] + phosphate [cytoplasm] ","( YBR296C or YCR037C or YJL198W or YML123C or YNR013C )","Not measured","High Diversity","No","No",NA,NA,NA,NA,"No",0,NA,NA
"r_1245","H+ [cytoplasm] + phosphate [cytoplasm]  -> H+ [mitochondrion] + phosphate [mitochondrion] ","( YER053C or YJR077C )","Not measured","High Diversity","No","No",NA,NA,NA,NA,"No",0,NA,NA
"r_1266","sulphate [extracellular]  -> sulphate [cytoplasm] ","( YBR294W or YLR092W )","Not measured","High Diversity","No","No",NA,NA,-0.119245876808587,0.690773183621667,"No",0.18616832813962,NA,NA
"r_1272","H+ [extracellular] + uracil [extracellular]  -> H+ [cytoplasm] + uracil [cytoplasm] ","YBR021W","Not measured","Low Diversity","No","Yes",NA,NA,0.972493089983694,1.00017001950286e-13,"Yes",0.973852895815326,NA,NA
"r_1277","H2O [extracellular]  <=> H2O [cytoplasm] ","( YLL052C or YPR192W )","Not measured","High Diversity","No","No",NA,NA,NA,NA,"No",0,NA,NA
"r_1543","(1->3)-beta-D-glucan [cell envelope]  <=> (1->3)-beta-D-glucan [cytoplasm] ","","No GPR","High Diversity","No","No",NA,NA,NA,NA,"No",0,NA,NA
"r_1574","2-isopropylmalate [cytoplasm]  <=> 2-isopropylmalate [mitochondrion] ","YKL120W","Low Diversity","Low Diversity","No","No",-0.823929599119328,1.13146935305001e-05,-0.799279462506729,1.94448439519587e-05,"No",-0.746791042685549,-0.792272428820886,2.36056355134142e-06
"r_1585","2-oxobutanoate [cytoplasm]  <=> 2-oxobutanoate [mitochondrion] ","","No GPR","High Diversity","No","No",NA,NA,0.326449108749468,0.191721361511183,"No",0.421010018002067,0.19950302471058,0.339019376952165
"r_1596","(S)-3-methyl-2-oxopentanoate [cytoplasm]  <=> (S)-3-methyl-2-oxopentanoate [mitochondrion] ","","No GPR","High Diversity","No","No",NA,NA,0.314363233743375,0.206915904185984,"No",0.417194995814305,0.200967292709738,0.335412709347748
"r_1632","acetaldehyde [mitochondrion]  <=> acetaldehyde [cytoplasm] ","","No GPR","High Diversity","No","No",NA,NA,0.0779241248760784,0.773208253660255,"No",0.270138871037397,0.38666853925715,0.0562119202900595
"r_1633","acetaldehyde [extracellular]  <=> acetaldehyde [cytoplasm] ","","No GPR","Low Diversity","No","Yes",NA,NA,0.477198086538667,0.0353927370058782,"Yes",0.480736313543738,NA,NA
"r_1667","carbon dioxide [cytoplasm] + H2O [cytoplasm]  <=> bicarbonate [cytoplasm] + H+ [cytoplasm] ","YNL036W","Low Diversity","Low Diversity","No","No",-0.00645331405897726,0.988246525616098,-0.000511654587156776,0.998063304491485,"No",0.0744143034442177,NA,NA
"r_1696","carbon dioxide [cytoplasm]  <=> carbon dioxide [mitochondrion] ","","No GPR","High Diversity","No","No",NA,NA,NA,NA,"No",0,NA,NA
"r_1697","carbon dioxide [cytoplasm]  <=> carbon dioxide [extracellular] ","","No GPR","High Diversity","No","No",NA,NA,NA,NA,"No",0,NA,NA
"r_1748","dolichyl phosphate [cytoplasm]  <=> dolichyl phosphate [endoplasmic reticulum] ","","No GPR","High Diversity","No","No",NA,NA,-0.251024101217294,0.332929332816686,"Yes",0.788698421884901,NA,NA
"r_1762","ethanol [cytoplasm]  <=> ethanol [extracellular] ","","No GPR","High Diversity","No","No",NA,NA,0.129167749084236,0.667386472118912,"No",0.480160636233636,NA,NA
"r_1824","H+ [extracellular]  -> H+ [cytoplasm] ","","No GPR","High Diversity","No","No",NA,NA,NA,NA,"No",0,NA,NA
"r_1825","H+ [cytoplasm]  <=> H+ [endoplasmic reticulum] ","","No GPR","High Diversity","No","No",NA,NA,NA,NA,"No",0,NA,NA
"r_1838","2-oxoglutarate [mitochondrion] + acetyl-CoA [mitochondrion] + H2O [mitochondrion]  -> coenzyme A [mitochondrion] + H+ [mitochondrion] + homocitrate [mitochondrion] ","( YDL131W or YDL182W )","High Diversity","High Diversity","No","Yes",0.249708834055576,0.405358218153483,0.45290484524654,0.0492459336254608,"Yes",0.561847968307477,0.310720266296457,0.13059257052004
"r_1887","L-glutamic 5-semialdehyde [cytoplasm]  <=> 1-pyrroline-5-carboxylate [cytoplasm] + H+ [cytoplasm] + H2O [cytoplasm] ","","No GPR","High Diversity","No","Yes",NA,NA,0.559248724062068,0.0101995429769977,"Yes",0.646600297931157,0.598300201924102,0.00158200246695503
"r_1932","mannan [cytoplasm]  <=> mannan [endoplasmic reticulum] ","","No GPR","High Diversity","No","No",NA,NA,-0.629131438688354,0.00307563824544168,"Yes",0.733558130447188,NA,NA
"r_1936","dihydroxyacetone phosphate [cytoplasm]  -> methylglyoxal [cytoplasm] + phosphate [cytoplasm] ","","No GPR","High Diversity","No","Yes",NA,NA,0.63296296700387,0.00284459025694543,"Yes",0.718496962712859,NA,NA
"r_2034","H+ [cytoplasm] + pyruvate [cytoplasm]  -> H+ [mitochondrion] + pyruvate [mitochondrion] ","(( YGL080W and YGR243W ) or ( YGL080W and YHR162W ))","Not measured","High Diversity","No","No",NA,NA,0.33768467092475,0.175944901428086,"Yes",0.479843843413907,NA,NA
"r_2057","succinate [extracellular]  <=> succinate [cytoplasm] ","","No GPR","Low Diversity","No","No",NA,NA,-0.0480734445980908,0.839290870785419,"Yes",0.476049565537221,NA,NA
"r_2093","L-valine [cytoplasm]  <=> L-valine [mitochondrion] ","","No GPR","High Diversity","No","Yes",NA,NA,0.489034675847226,0.0308771203496759,"Yes",0.627982063626007,NA,NA
"r_2096","H2O [cytoplasm]  <=> H2O [mitochondrion] ","","No GPR","High Diversity","No","No",NA,NA,NA,NA,"No",0,NA,NA
"r_2115","acetaldehyde [cytoplasm] + H+ [cytoplasm] + NADH [cytoplasm]  -> ethanol [cytoplasm] + NAD [cytoplasm] ","( YBR145W or YOL086C )","High Diversity","Low Diversity","No","No",-0.265335911223817,0.379727079089756,-0.386675855520216,0.111363131487655,"No",-0.265336059021706,0.340672451379046,0.0956273255009011
"r_2132","(S)-malate [cytoplasm] + 2-oxoglutarate [mitochondrion]  -> (S)-malate [mitochondrion] + 2-oxoglutarate [cytoplasm] ","( YOR222W or YPL134C )","High Diversity","Low Diversity","No","No",-0.0897782044970431,0.768007035457138,0.0756398024042737,0.774103159678746,"No",0.104542264452387,NA,NA
"r_2140","acetyl-CoA [cytoplasm] + 21 H+ [cytoplasm] + 7 malonyl-CoA [cytoplasm] + 14 NADPH [cytoplasm]  -> 7 carbon dioxide [cytoplasm] + 7 coenzyme A [cytoplasm] + 7 H2O [cytoplasm] + 14 NADP(+) [cytoplasm] + palmitoyl-CoA [cytoplasm] ","( YKL182W and YPL231W )","High Diversity","High Diversity","No","No",-0.0475575147936783,0.902386150867816,0.270760635531468,0.290544108906734,"No",0.507435360079684,0.0961617358760484,0.647487579962353
"r_2141","acetyl-CoA [cytoplasm] + 24 H+ [cytoplasm] + 8 malonyl-CoA [cytoplasm] + 16 NADPH [cytoplasm]  -> 8 carbon dioxide [cytoplasm] + 8 coenzyme A [cytoplasm] + 8 H2O [cytoplasm] + 16 NADP(+) [cytoplasm] + stearoyl-CoA [cytoplasm] ","( YKL182W and YPL231W )","High Diversity","Low Diversity","No","No",-0.289399867013933,0.317075852090092,0.254606618872449,0.325209451964371,"No",0.448999306383332,-0.031437908100765,0.881412794657028
"r_2182","H+ [endoplasmic reticulum membrane] + palmitoyl-CoA [endoplasmic reticulum membrane] + oxygen [endoplasmic reticulum membrane] + NADH [endoplasmic reticulum membrane]  -> 2 H2O [endoplasmic reticulum membrane] + palmitoleoyl-CoA(4-) [endoplasmic reticulum membrane] + NAD [endoplasmic reticulum membrane] ","YGL055W","Not measured","High Diversity","No","No",NA,NA,0.256389233398933,0.322541159318388,"No",0.391781271042838,0.131960111864155,0.529492784712368
"r_2183","H+ [endoplasmic reticulum membrane] + stearoyl-CoA [endoplasmic reticulum membrane] + oxygen [endoplasmic reticulum membrane] + NADH [endoplasmic reticulum membrane]  -> 2 H2O [endoplasmic reticulum membrane] + NAD [endoplasmic reticulum membrane] + oleoyl-CoA [endoplasmic reticulum membrane] ","YGL055W","Not measured","Low Diversity","No","No",NA,NA,0.237513757557594,0.369824633955447,"No",0.350798901734976,-0.0117026617332712,0.955724713231503
"r_2197","coenzyme A [endoplasmic reticulum membrane] + ATP [endoplasmic reticulum membrane] + palmitoleate [endoplasmic reticulum membrane]  <=> palmitoleoyl-CoA(4-) [endoplasmic reticulum membrane] + AMP [endoplasmic reticulum membrane] + diphosphate [endoplasmic reticulum membrane] ","( YMR246W or YOR317W )","High Diversity","High Diversity","No","No",0.0564038212904125,0.872779125724643,0.0896780581877717,0.755411049958826,"No",0.0918496706872497,0.13102972096899,0.532425111078048
"r_2199","coenzyme A [endoplasmic reticulum membrane] + ATP [endoplasmic reticulum membrane] + oleate [endoplasmic reticulum membrane]  <=> oleoyl-CoA [endoplasmic reticulum membrane] + AMP [endoplasmic reticulum membrane] + diphosphate [endoplasmic reticulum membrane] ","( YMR246W or YOR317W )","High Diversity","Low Diversity","No","No",0.0298529375338797,0.954669715413862,0.0657632695091852,0.791077701794939,"No",0.0682906607592747,-0.0182550594109814,0.930982096707941
"r_3511","palmitoleate [cytoplasm]  <=> palmitoleate [endoplasmic reticulum membrane] ","","No GPR","High Diversity","No","No",NA,NA,0.100668963193547,0.739365520706623,"No",0.298996227673256,NA,NA
"r_3513","oleate [cytoplasm]  <=> oleate [endoplasmic reticulum membrane] ","","No GPR","Low Diversity","No","No",NA,NA,-0.073107893849471,0.779874260581468,"No",0.278074206714402,NA,NA
"r_3519","stearoyl-CoA [cytoplasm]  <=> stearoyl-CoA [endoplasmic reticulum membrane] ","","No GPR","Low Diversity","No","No",NA,NA,-0.120084905097107,0.690773183621667,"No",0.236552188654147,-0.0366180386363404,0.862042671249557
"r_3525","H+ [cytoplasm]  <=> H+ [endoplasmic reticulum membrane] ","","No GPR","Low Diversity","No","No",NA,NA,NA,NA,"No",0,NA,NA
"r_3526","H2O [cytoplasm]  <=> H2O [endoplasmic reticulum membrane] ","( YLL052C or YPR192W )","Not measured","Low Diversity","No","No",NA,NA,-0.105221530264084,0.730365375013123,"No",-0.105221530264084,NA,NA
"r_3528","coenzyme A [cytoplasm]  <=> coenzyme A [endoplasmic reticulum membrane] ","","No GPR","High Diversity","No","No",NA,NA,NA,NA,"No",0,NA,NA
"r_3532","NADH [cytoplasm]  <=> NADH [endoplasmic reticulum membrane] ","","No GPR","Low Diversity","No","No",NA,NA,-0.100690014075547,0.739365520706623,"No",-0.100690014075547,NA,NA
"r_3533","NAD [cytoplasm]  <=> NAD [endoplasmic reticulum membrane] ","","No GPR","Low Diversity","No","No",NA,NA,-0.106184978999077,0.730365375013123,"No",-0.106184978999077,NA,NA
"r_3536","diphosphate [cytoplasm]  <=> diphosphate [endoplasmic reticulum membrane] ","","No GPR","High Diversity","No","No",NA,NA,NA,NA,"No",0,NA,NA
"r_3543","ATP [cytoplasm]  <=> ATP [endoplasmic reticulum membrane] ","","No GPR","High Diversity","No","No",NA,NA,NA,NA,"No",0,NA,NA
"r_3544","AMP [cytoplasm]  <=> AMP [endoplasmic reticulum membrane] ","","No GPR","High Diversity","No","No",NA,NA,NA,NA,"No",0,NA,NA
"r_4039","acetate [mitochondrion] + succinyl-CoA [mitochondrion]  <=> acetyl-CoA [mitochondrion] + succinate [mitochondrion] ","YBL015W","Low Diversity","High Diversity","No","No",-0.238202355288419,0.413042060220297,-0.303961829517299,0.224235628335982,"No",-0.207290991037952,0.379613889383176,0.0612545785305052
"cstm_PPK","ATP [cytoplasm] + phosphate [cytoplasm]  -> ADP [cytoplasm] + polyphosphate [cytoplasm] ","YJL012C","Low Diversity","High Diversity","No","No",-0.632751053926168,0.00261789099959914,-0.587563236854445,0.0065644935714328,"No",-0.587296130518988,NA,NA
"cstm_misc_ATPhy","ATP [cytoplasm] + H2O [cytoplasm]  -> ADP [cytoplasm] + H+ [cytoplasm] + phosphate [cytoplasm] ","","No GPR","High Diversity","No","No",NA,NA,NA,NA,"No",0,NA,NA
"cstm_s_1269_TCE","orotate [cytoplasm]  <=> s_1269[e] ","","No GPR","Low Diversity","No","Yes",NA,NA,0.729978091885499,0.000257729710566656,"Yes",0.928872089317439,NA,NA
