Row,sigMat_binned1,sigMat_binned2,sigMat_binned3,sigMat_binned4,sigMat_binned5,sigMat_binned6,sigMat_binned7,sigMat_binned8,sigMat_binned9,sigMat_binned10,sigMat_binned11,sigMat_binned12,sigMat_binned13,sigMat_binned14,sigMat_binned15,sigMat_binned16,sigMat_binned17,sigMat_binned18,sigMat_binned19,sigMat_binned20,sigMat_binned21,sigMat_binned22,sigMat_binned23,sigMat_binned24,sigMat_binned25,sigMat_binned26,sigMat_binned27,sigMat_binned28,sigMat_binned29,sigMat_binned30,sigMat_binned31,sigMat_binned32,sigMat_binned33,sigMat_binned34,sigMat_binned35,sigMat_binned36,sigMat_binned37,sigMat_binned38,sigMat_binned39,sigMat_binned40,sigMat_binned41,sigMat_binned42,sigMat_binned43
r_0005,0,0,0,0,0,0,0,0,0,0,0,0,1,1,1,1,1,1,1,1,1,1,1,1,0,0,0,0,NaN,NaN,0,0,0,NaN,0,0,NaN,NaN,NaN,NaN,NaN,NaN,NaN
r_0007,1,1,0,1,1,1,1,1,1,1,1,1,1,1,1,1,NaN,NaN,1,NaN,1,1,1,1,1,1,1,1,1,1,NaN,NaN,NaN,NaN,NaN,NaN,NaN,NaN,NaN,NaN,NaN,NaN,NaN
r_0018,1,1,0,0,1,1,1,1,NaN,1,1,0,0,0,NaN,NaN,0,0,0,0,0,0,0,0,0,0,0,0,0,0,NaN,NaN,NaN,NaN,NaN,NaN,NaN,NaN,NaN,NaN,NaN,NaN,NaN
r_0027,1,1,0,0,1,1,NaN,1,NaN,NaN,1,1,NaN,0,0,0,0,0,0,0,0,0,0,0,0,0,0,0,0,0,0,0,0,0,NaN,NaN,NaN,NaN,NaN,NaN,NaN,NaN,NaN
r_0032,0,0,0,0,0,0,0,0,0,0,0,0,0,0,0,0,1,0,NaN,NaN,NaN,NaN,NaN,NaN,NaN,NaN,NaN,NaN,NaN,NaN,NaN,NaN,NaN,NaN,NaN,NaN,NaN,NaN,NaN,NaN,NaN,NaN,NaN
r_0039,1,1,1,1,1,1,1,1,1,1,1,1,0,0,1,NaN,0,0,0,0,0,0,0,0,0,0,0,0,0,0,0,0,0,0,0,0,NaN,0,0,0,0,NaN,NaN
r_0040,1,1,1,0,1,1,1,1,1,1,1,1,0,0,0,1,NaN,0,0,0,0,0,0,0,0,0,0,0,0,0,0,0,0,0,0,0,0,NaN,0,0,0,NaN,NaN
r_0042,0,1,1,0,1,1,1,1,NaN,NaN,1,0,0,0,0,0,1,NaN,0,0,0,0,0,0,0,0,0,0,0,0,0,0,0,0,0,0,0,0,NaN,0,0,NaN,NaN
r_0065,1,1,1,1,1,1,1,1,1,1,1,1,NaN,0,0,0,0,0,0,0,0,0,0,0,0,0,0,0,0,0,0,0,0,NaN,0,0,0,0,NaN,NaN,NaN,NaN,NaN
r_0079,1,1,1,0,1,1,1,1,1,1,1,1,1,0,0,0,0,0,0,0,0,0,0,0,0,0,0,0,0,NaN,NaN,NaN,NaN,NaN,NaN,NaN,NaN,NaN,NaN,NaN,NaN,NaN,NaN
r_0080,1,1,0,1,1,1,1,1,1,0,1,1,0,0,0,0,0,NaN,0,0,0,0,0,0,0,0,0,0,0,0,0,NaN,NaN,NaN,NaN,NaN,NaN,NaN,NaN,NaN,NaN,NaN,NaN
r_0109,0,0,0,0,0,0,0,0,0,0,0,0,NaN,0,0,0,NaN,0,0,0,NaN,0,0,NaN,NaN,0,0,0,NaN,0,0,0,1,1,1,NaN,NaN,NaN,NaN,NaN,NaN,NaN,NaN
r_0115,1,1,1,1,1,NaN,1,1,1,1,1,1,1,1,1,1,1,1,1,1,1,1,1,1,1,1,1,1,1,1,1,1,1,NaN,1,NaN,NaN,NaN,NaN,NaN,NaN,NaN,NaN
r_0118,1,1,1,1,1,1,1,1,1,1,1,1,1,1,1,1,1,1,1,1,1,1,1,1,1,1,1,1,1,1,1,NaN,1,1,NaN,NaN,NaN,NaN,NaN,NaN,NaN,NaN,NaN
r_0151,1,1,1,0,1,1,NaN,1,1,1,1,NaN,1,1,1,1,0,0,0,0,0,0,0,0,0,0,0,0,0,0,0,NaN,NaN,NaN,NaN,NaN,NaN,NaN,NaN,NaN,NaN,NaN,NaN
r_0152,1,1,1,1,1,1,1,NaN,1,1,0,1,1,1,1,1,1,NaN,1,0,0,0,0,0,0,0,0,0,0,0,0,NaN,NaN,NaN,NaN,NaN,NaN,NaN,NaN,NaN,NaN,NaN,NaN
r_0153,0,1,1,1,1,0,0,0,1,0,0,0,1,1,1,1,1,1,0,0,0,0,0,0,0,0,0,0,0,0,0,0,NaN,NaN,NaN,NaN,NaN,NaN,NaN,NaN,NaN,NaN,NaN
r_0173,1,0,0,0,1,1,1,1,1,1,1,1,1,NaN,1,1,1,1,1,1,1,1,1,1,1,1,1,1,1,1,1,1,1,1,NaN,NaN,NaN,NaN,NaN,NaN,NaN,NaN,NaN
r_0175,0,0,0,0,0,0,0,0,0,0,0,0,0,0,0,1,0,0,0,0,0,1,1,0,0,0,0,0,0,0,1,1,NaN,1,1,1,1,NaN,NaN,NaN,NaN,NaN,NaN
r_0195,1,1,1,1,1,1,1,1,1,1,1,1,1,1,1,1,1,1,1,1,1,1,1,1,1,1,1,1,NaN,NaN,1,1,1,NaN,1,1,NaN,NaN,NaN,NaN,NaN,NaN,NaN
r_0207,1,1,1,1,1,1,1,NaN,1,1,NaN,1,1,1,1,1,1,NaN,0,1,1,1,1,1,1,1,1,1,1,1,1,1,NaN,NaN,NaN,NaN,NaN,NaN,NaN,NaN,NaN,NaN,NaN
r_0208,1,1,1,1,1,0,0,0,1,1,0,1,1,1,1,1,1,0,0,0,0,0,0,0,0,0,0,0,0,0,0,0,NaN,NaN,NaN,NaN,NaN,NaN,NaN,NaN,NaN,NaN,NaN
r_0214,1,1,1,0,1,1,1,1,1,1,1,1,1,1,1,1,1,1,1,1,1,1,1,1,1,1,1,1,1,1,1,1,1,NaN,1,1,NaN,NaN,NaN,NaN,NaN,NaN,NaN
r_0215,0,0,0,1,0,0,1,1,1,1,1,1,0,0,0,0,0,1,1,0,0,0,0,0,0,0,0,0,0,0,0,0,0,NaN,0,0,0,NaN,NaN,NaN,NaN,NaN,NaN
r_0216,0,0,0,0,0,0,0,0,0,0,0,0,1,0,1,1,0,0,0,0,0,0,0,0,0,0,0,0,0,0,NaN,NaN,NaN,NaN,NaN,NaN,NaN,NaN,NaN,NaN,NaN,NaN,NaN
r_0219,0,0,0,0,0,0,0,0,0,0,1,0,0,0,0,0,0,1,0,0,0,0,0,0,0,0,0,0,0,0,0,0,NaN,0,0,0,0,NaN,NaN,NaN,NaN,NaN,NaN
r_0225,1,1,1,1,1,1,1,1,1,1,1,1,1,1,NaN,1,1,1,1,1,1,1,1,1,1,1,1,1,1,1,1,1,1,NaN,NaN,NaN,NaN,NaN,NaN,NaN,NaN,NaN,NaN
r_0278,1,1,0,1,1,1,1,1,1,1,1,0,1,1,1,1,1,1,0,0,0,0,0,0,0,0,0,0,0,0,0,0,NaN,0,0,0,0,NaN,NaN,NaN,NaN,NaN,NaN
r_0279,1,1,1,0,1,1,1,1,1,1,1,0,1,0,0,0,0,0,0,0,0,0,0,0,0,0,0,0,0,0,0,0,NaN,0,0,0,0,NaN,NaN,NaN,NaN,NaN,NaN
r_0300,0,0,0,0,0,1,1,0,0,0,0,0,0,0,0,0,0,0,0,0,0,0,0,0,0,0,0,0,0,0,0,0,NaN,NaN,NaN,NaN,NaN,NaN,NaN,NaN,NaN,NaN,NaN
r_0349,1,1,1,1,1,1,1,1,1,1,1,1,1,1,1,1,1,NaN,1,1,1,1,1,1,1,1,1,1,1,1,1,1,NaN,1,1,1,NaN,NaN,NaN,NaN,NaN,NaN,NaN
r_0361,0,0,0,0,0,0,0,0,0,0,0,1,1,1,1,NaN,1,NaN,0,NaN,0,0,0,NaN,0,0,NaN,NaN,0,0,0,NaN,0,0,0,0,NaN,NaN,NaN,NaN,NaN,NaN,NaN
r_0362,0,0,0,0,0,0,0,0,0,NaN,0,0,1,1,NaN,1,1,1,NaN,1,1,1,NaN,1,0,NaN,NaN,0,0,0,NaN,0,0,0,0,NaN,NaN,NaN,NaN,NaN,NaN,NaN,NaN
r_0366,0,0,0,1,1,0,0,0,0,0,0,1,1,1,1,1,0,0,0,1,1,1,1,1,1,1,1,1,1,1,1,1,NaN,1,1,NaN,NaN,NaN,NaN,NaN,NaN,NaN,NaN
r_0439,0,0,0,0,0,0,0,0,0,0,0,0,0,0,0,NaN,1,1,1,1,1,1,1,1,0,0,0,0,0,0,0,0,NaN,NaN,NaN,NaN,NaN,NaN,NaN,NaN,NaN,NaN,NaN
r_0450,1,0,0,1,NaN,1,1,1,1,1,1,1,1,0,1,0,0,0,0,0,0,0,0,0,0,0,0,0,0,0,0,NaN,0,NaN,NaN,NaN,NaN,NaN,NaN,NaN,NaN,NaN,NaN
r_0460,0,0,0,0,0,0,0,0,0,1,0,0,0,0,0,0,0,0,0,0,0,0,0,0,0,0,0,0,0,0,0,NaN,NaN,NaN,NaN,NaN,NaN,NaN,NaN,NaN,NaN,NaN,NaN
r_0467,1,1,0,0,0,0,0,0,1,1,1,1,1,1,1,1,1,1,1,1,1,1,1,1,1,1,1,1,1,1,1,NaN,1,NaN,NaN,NaN,NaN,NaN,NaN,NaN,NaN,NaN,NaN
r_0468,0,1,1,0,0,0,0,0,0,0,0,0,0,0,0,0,1,0,0,0,0,0,0,0,0,0,0,0,0,0,0,0,0,0,0,0,0,0,NaN,NaN,NaN,NaN,NaN
r_0473,1,1,0,1,1,1,1,1,1,1,1,1,1,1,1,1,1,1,0,0,0,0,0,0,0,0,0,0,0,0,0,0,0,0,0,0,0,NaN,NaN,NaN,NaN,NaN,NaN
r_0485,0,0,0,0,0,0,0,0,0,0,1,1,0,1,0,0,0,0,0,0,0,0,0,0,0,0,0,0,0,0,NaN,NaN,NaN,NaN,NaN,NaN,NaN,NaN,NaN,NaN,NaN,NaN,NaN
r_0486,0,0,0,0,0,0,0,0,0,0,0,0,0,NaN,0,0,0,0,1,1,1,1,1,1,1,1,1,1,1,1,1,1,1,NaN,1,NaN,NaN,NaN,NaN,NaN,NaN,NaN,NaN
r_0489,0,1,1,0,0,0,0,0,0,0,0,0,0,0,0,0,0,0,0,0,0,0,NaN,0,0,0,NaN,0,0,NaN,NaN,0,0,0,NaN,NaN,NaN,NaN,NaN,NaN,NaN,NaN,NaN
r_0491,0,0,1,0,0,0,0,0,0,0,0,0,0,0,0,0,0,0,0,0,0,NaN,0,NaN,0,0,NaN,NaN,0,0,NaN,NaN,0,0,0,NaN,0,0,0,0,NaN,NaN,NaN
r_0499,1,1,0,0,1,1,1,1,1,1,1,1,1,1,0,0,0,NaN,0,0,0,0,0,0,0,0,0,0,0,0,NaN,NaN,NaN,NaN,NaN,NaN,NaN,NaN,NaN,NaN,NaN,NaN,NaN
r_0514,0,0,0,0,0,1,0,0,0,0,0,0,0,0,0,0,0,0,0,0,0,0,0,0,0,0,0,0,0,NaN,NaN,NaN,NaN,NaN,NaN,NaN,NaN,NaN,NaN,NaN,NaN,NaN,NaN
r_0528,0,0,0,0,0,0,0,0,0,0,1,1,1,1,1,1,1,0,NaN,NaN,NaN,NaN,NaN,NaN,NaN,NaN,NaN,NaN,NaN,NaN,NaN,NaN,NaN,NaN,NaN,NaN,NaN,NaN,NaN,NaN,NaN,NaN,NaN
r_0534,1,1,0,0,0,0,0,1,1,1,1,1,1,1,1,1,1,1,1,1,1,1,1,1,1,1,0,0,0,0,0,0,NaN,0,0,0,0,NaN,NaN,NaN,NaN,NaN,NaN
r_0536,1,1,1,0,0,1,1,1,1,1,1,1,1,0,0,0,0,1,1,1,1,1,1,1,1,1,1,1,1,1,1,NaN,NaN,NaN,NaN,NaN,NaN,NaN,NaN,NaN,NaN,NaN,NaN
r_0537,1,1,0,1,1,1,1,1,1,1,1,1,1,1,0,0,1,1,1,1,1,1,1,1,1,1,1,1,1,1,1,1,NaN,NaN,NaN,NaN,NaN,NaN,NaN,NaN,NaN,NaN,NaN
r_0538,1,1,1,0,1,1,1,1,NaN,1,1,1,0,0,1,1,1,1,1,1,1,1,1,1,1,1,1,1,1,1,NaN,NaN,NaN,NaN,NaN,NaN,NaN,NaN,NaN,NaN,NaN,NaN,NaN
r_0542,1,1,0,0,1,1,1,1,NaN,1,1,1,1,1,1,0,0,0,NaN,0,0,0,0,0,0,0,0,0,0,0,0,0,0,NaN,NaN,NaN,NaN,NaN,NaN,NaN,NaN,NaN,NaN
r_0545,1,1,1,0,0,1,1,1,1,1,1,1,1,1,1,0,0,0,0,NaN,0,0,0,0,0,0,0,0,0,0,0,0,NaN,NaN,NaN,NaN,NaN,NaN,NaN,NaN,NaN,NaN,NaN
r_0547,0,0,0,1,0,0,0,0,0,0,0,0,0,0,0,0,0,0,NaN,0,0,0,0,0,0,0,0,0,0,0,0,NaN,0,0,0,0,NaN,NaN,NaN,NaN,NaN,NaN,NaN
r_0549,1,1,0,0,0,1,1,1,1,1,1,NaN,0,0,0,0,0,0,0,0,0,0,0,0,0,0,0,0,0,0,NaN,0,0,0,0,NaN,NaN,NaN,NaN,NaN,NaN,NaN,NaN
r_0563,1,1,1,0,1,1,1,1,1,1,NaN,1,1,1,1,1,1,1,1,1,1,1,1,1,1,1,1,1,1,NaN,NaN,NaN,NaN,NaN,NaN,NaN,NaN,NaN,NaN,NaN,NaN,NaN,NaN
r_0564,1,1,1,1,1,1,1,1,1,NaN,1,1,1,0,1,1,1,1,1,1,1,1,1,1,1,1,1,1,1,1,1,NaN,NaN,NaN,NaN,NaN,NaN,NaN,NaN,NaN,NaN,NaN,NaN
r_0565,1,1,0,1,1,1,1,1,1,1,1,1,1,1,1,1,0,0,NaN,0,0,0,0,0,0,0,0,0,0,0,NaN,NaN,NaN,NaN,NaN,NaN,NaN,NaN,NaN,NaN,NaN,NaN,NaN
r_0570,1,1,1,1,1,1,1,1,1,1,1,1,1,0,0,0,0,0,0,0,0,0,0,0,0,0,0,0,0,0,0,NaN,NaN,NaN,NaN,NaN,NaN,NaN,NaN,NaN,NaN,NaN,NaN
r_0678,1,1,0,0,1,1,1,1,1,NaN,1,1,0,0,0,NaN,NaN,0,0,0,0,0,0,0,0,0,0,0,0,0,0,0,NaN,NaN,NaN,NaN,NaN,NaN,NaN,NaN,NaN,NaN,NaN
r_0718,1,1,1,0,1,1,1,1,0,0,0,1,1,1,NaN,0,0,0,0,0,0,0,0,0,0,0,0,0,0,0,0,NaN,NaN,NaN,NaN,NaN,NaN,NaN,NaN,NaN,NaN,NaN,NaN
r_0722,0,0,0,0,0,0,0,0,1,1,1,1,1,1,1,1,NaN,1,1,0,NaN,0,0,0,NaN,0,0,NaN,NaN,0,0,0,NaN,0,0,0,0,NaN,NaN,NaN,NaN,NaN,NaN
r_0723,1,1,0,0,0,1,1,1,1,1,1,1,1,1,1,1,1,1,0,NaN,NaN,0,NaN,0,0,0,NaN,0,0,NaN,NaN,0,0,0,NaN,0,0,NaN,NaN,NaN,NaN,NaN,NaN
r_0727,1,1,1,0,0,1,1,1,1,1,0,0,0,0,0,0,0,0,0,0,0,0,0,0,0,0,0,0,0,0,NaN,NaN,NaN,NaN,NaN,NaN,NaN,NaN,NaN,NaN,NaN,NaN,NaN
r_0759,1,1,1,1,1,1,1,1,1,1,1,1,1,1,1,1,1,1,1,1,1,1,1,1,1,1,1,1,1,1,1,1,NaN,1,1,NaN,NaN,NaN,NaN,NaN,NaN,NaN,NaN
r_0770,1,0,0,0,0,0,1,1,1,1,1,1,1,1,1,1,NaN,1,0,0,0,0,0,0,0,0,0,0,0,0,0,0,0,NaN,NaN,NaN,NaN,NaN,NaN,NaN,NaN,NaN,NaN
r_0811,0,0,0,0,0,0,0,0,0,0,0,0,0,1,1,1,1,1,1,1,1,1,1,0,0,0,0,NaN,NaN,0,0,0,NaN,0,0,0,0,NaN,NaN,NaN,NaN,NaN,NaN
r_0813,1,1,0,0,0,0,1,1,1,1,1,1,0,0,1,0,0,0,0,0,0,0,0,0,0,0,0,0,0,0,0,0,0,0,NaN,NaN,NaN,NaN,NaN,NaN,NaN,NaN,NaN
r_0816,1,1,1,0,0,0,1,1,1,0,0,1,NaN,1,1,0,0,0,1,1,1,1,1,1,1,1,1,1,1,1,1,1,1,NaN,NaN,NaN,NaN,NaN,NaN,NaN,NaN,NaN,NaN
r_0818,1,1,1,1,1,NaN,1,1,1,1,1,1,1,1,1,1,1,1,1,1,1,1,1,1,1,1,1,1,1,1,1,1,1,NaN,1,1,1,NaN,NaN,NaN,NaN,NaN,NaN
r_0820,0,0,0,1,0,0,0,0,0,0,0,0,0,0,0,0,0,0,0,0,0,0,0,0,0,0,0,0,0,0,0,0,0,NaN,0,0,0,0,NaN,NaN,NaN,NaN,NaN
r_0821,0,0,1,0,0,0,0,0,0,0,0,0,0,NaN,NaN,0,0,0,0,0,0,0,0,0,0,0,0,0,0,0,0,0,NaN,0,0,0,0,NaN,NaN,NaN,NaN,NaN,NaN
r_0855,1,1,1,0,1,1,1,1,1,1,1,1,1,1,1,0,0,NaN,0,0,0,0,0,0,0,0,0,0,0,0,0,0,0,0,NaN,NaN,NaN,NaN,NaN,NaN,NaN,NaN,NaN
r_0886,0,0,1,0,0,0,0,0,0,0,0,0,0,0,0,0,0,0,0,0,0,0,0,0,0,0,0,0,0,0,0,NaN,NaN,NaN,NaN,NaN,NaN,NaN,NaN,NaN,NaN,NaN,NaN
r_0888,1,0,0,0,0,0,0,1,1,1,1,1,1,1,1,1,1,1,1,1,1,1,1,1,1,0,0,0,0,NaN,NaN,0,0,0,NaN,0,0,0,NaN,NaN,NaN,NaN,NaN
r_0892,1,0,0,1,1,1,1,0,1,1,1,1,NaN,1,1,1,1,1,1,1,1,1,1,1,1,1,1,1,1,1,1,1,NaN,1,1,1,NaN,NaN,NaN,NaN,NaN,NaN,NaN
r_0893,0,0,0,0,0,0,0,0,0,0,0,1,1,1,1,1,1,1,1,1,1,1,1,1,1,1,1,1,1,1,1,1,1,NaN,1,NaN,NaN,NaN,NaN,NaN,NaN,NaN,NaN
r_0902,0,0,0,0,0,0,0,0,1,1,1,1,1,1,1,1,1,NaN,1,NaN,1,NaN,1,0,0,NaN,0,0,NaN,NaN,0,0,0,NaN,0,0,0,0,NaN,NaN,NaN,NaN,NaN
r_0908,1,1,1,1,1,1,1,1,1,1,1,1,1,1,1,NaN,0,0,0,0,0,0,0,0,0,0,0,0,0,0,0,0,NaN,NaN,NaN,NaN,NaN,NaN,NaN,NaN,NaN,NaN,NaN
r_0909,1,1,1,1,1,1,1,1,1,1,1,1,1,1,1,1,1,1,1,1,1,1,1,1,1,1,1,1,1,1,1,NaN,NaN,NaN,NaN,NaN,NaN,NaN,NaN,NaN,NaN,NaN,NaN
r_0910,1,1,1,1,1,1,1,1,1,1,1,1,1,NaN,1,1,1,1,1,1,1,1,1,1,1,1,1,1,1,1,1,1,NaN,NaN,NaN,NaN,NaN,NaN,NaN,NaN,NaN,NaN,NaN
r_0911,1,1,1,0,1,1,1,1,1,1,1,1,1,1,1,NaN,NaN,0,0,0,0,0,0,0,0,0,0,0,0,0,0,0,0,NaN,NaN,NaN,NaN,NaN,NaN,NaN,NaN,NaN,NaN
r_0912,1,1,1,0,1,1,1,1,1,1,1,1,1,1,0,0,NaN,0,0,0,0,0,0,0,0,0,0,0,0,0,NaN,NaN,NaN,NaN,NaN,NaN,NaN,NaN,NaN,NaN,NaN,NaN,NaN
r_0914,1,1,1,0,1,1,1,1,1,1,1,1,1,1,1,0,0,0,0,0,0,0,0,0,0,0,0,0,0,0,0,NaN,NaN,NaN,NaN,NaN,NaN,NaN,NaN,NaN,NaN,NaN,NaN
r_0915,1,1,1,0,1,1,1,1,1,1,1,1,1,1,1,0,0,0,0,0,0,0,0,0,0,0,0,0,0,NaN,NaN,NaN,NaN,NaN,NaN,NaN,NaN,NaN,NaN,NaN,NaN,NaN,NaN
r_0916,0,0,0,0,0,0,0,0,0,1,1,1,1,1,1,1,0,0,0,0,0,0,0,0,0,0,0,0,0,0,0,0,NaN,0,0,NaN,NaN,NaN,NaN,NaN,NaN,NaN,NaN
r_0938,1,1,0,0,0,1,1,1,1,NaN,NaN,1,1,0,0,0,0,NaN,NaN,0,0,0,0,0,0,0,0,0,0,0,0,NaN,NaN,NaN,NaN,NaN,NaN,NaN,NaN,NaN,NaN,NaN,NaN
r_0939,1,1,0,0,0,1,1,1,1,NaN,NaN,1,1,1,1,1,1,1,0,0,0,0,0,0,0,0,0,0,0,0,0,NaN,0,0,0,0,NaN,NaN,NaN,NaN,NaN,NaN,NaN
r_0957,1,1,0,0,0,0,1,1,1,1,1,1,1,1,0,0,0,0,0,0,0,0,0,0,0,0,0,0,0,0,0,0,0,0,0,NaN,NaN,NaN,NaN,NaN,NaN,NaN,NaN
r_0958,0,0,1,0,0,0,0,0,0,0,0,NaN,0,0,0,0,0,0,0,0,0,0,0,0,0,0,0,0,0,0,0,NaN,NaN,NaN,NaN,NaN,NaN,NaN,NaN,NaN,NaN,NaN,NaN
r_0959,0,1,1,0,1,1,0,1,1,1,0,NaN,1,1,1,1,1,1,1,1,1,1,1,1,1,1,1,1,1,1,1,1,1,1,1,NaN,NaN,NaN,NaN,NaN,NaN,NaN,NaN
r_0962,0,1,1,0,0,0,0,NaN,0,0,0,0,0,0,NaN,NaN,0,0,0,0,0,0,0,0,0,0,0,0,0,0,0,NaN,NaN,NaN,NaN,NaN,NaN,NaN,NaN,NaN,NaN,NaN,NaN
r_0988,1,1,0,0,1,1,NaN,1,1,NaN,1,1,0,0,0,0,NaN,0,0,0,0,0,0,0,0,0,0,0,0,0,NaN,NaN,NaN,NaN,NaN,NaN,NaN,NaN,NaN,NaN,NaN,NaN,NaN
r_0989,1,1,1,1,1,NaN,1,1,NaN,1,1,0,0,0,0,NaN,0,0,0,0,0,0,0,0,0,0,0,0,0,0,0,NaN,NaN,NaN,NaN,NaN,NaN,NaN,NaN,NaN,NaN,NaN,NaN
r_0996,1,1,1,1,1,1,1,1,1,1,1,1,1,1,NaN,0,0,0,0,0,0,0,0,0,0,0,0,0,0,0,0,0,0,0,0,NaN,0,0,0,0,NaN,NaN,NaN
r_0997,1,1,1,1,1,1,1,1,1,1,1,1,1,1,1,0,0,0,0,0,0,0,0,0,0,0,0,0,0,0,0,0,0,0,NaN,0,0,0,0,NaN,NaN,NaN,NaN
r_1021,0,0,0,0,0,0,0,0,0,0,0,0,0,0,0,0,1,0,0,0,0,0,0,0,0,0,0,0,0,0,0,0,NaN,NaN,NaN,NaN,NaN,NaN,NaN,NaN,NaN,NaN,NaN
r_1022,0,1,1,0,0,0,0,0,0,0,1,1,0,1,1,1,1,1,1,1,1,1,1,1,1,1,1,1,1,1,1,1,1,NaN,NaN,NaN,NaN,NaN,NaN,NaN,NaN,NaN,NaN
r_1051,1,1,1,1,1,1,1,1,1,1,1,1,1,1,1,1,1,0,0,1,1,1,1,1,1,1,1,1,1,1,1,NaN,NaN,NaN,NaN,NaN,NaN,NaN,NaN,NaN,NaN,NaN,NaN
r_1054,0,0,1,0,0,0,0,0,0,0,0,0,0,1,1,1,1,1,1,1,1,1,1,1,1,1,1,1,1,1,1,NaN,1,NaN,NaN,NaN,NaN,NaN,NaN,NaN,NaN,NaN,NaN
r_1072,0,0,0,0,0,0,0,0,0,0,0,0,0,0,1,0,0,0,0,0,0,0,0,0,0,0,0,0,NaN,NaN,0,0,0,NaN,0,0,NaN,NaN,NaN,NaN,NaN,NaN,NaN
r_1074,0,0,1,0,0,0,0,0,0,0,0,0,0,0,0,0,0,0,0,0,0,0,0,0,0,0,0,0,0,0,0,0,NaN,0,0,0,0,NaN,NaN,NaN,NaN,NaN,NaN
r_1088,1,1,1,1,1,1,1,1,1,NaN,1,1,1,1,1,1,1,1,1,1,1,1,1,1,1,1,1,1,1,1,1,NaN,NaN,NaN,NaN,NaN,NaN,NaN,NaN,NaN,NaN,NaN,NaN
r_1106,0,0,0,0,0,0,0,0,0,1,1,1,1,1,1,1,1,NaN,NaN,NaN,NaN,NaN,NaN,NaN,NaN,NaN,NaN,NaN,NaN,NaN,NaN,NaN,NaN,NaN,NaN,NaN,NaN,NaN,NaN,NaN,NaN,NaN,NaN
r_1115,1,1,0,0,1,1,1,1,1,1,1,1,1,1,1,1,1,NaN,NaN,1,1,1,1,1,1,1,1,1,NaN,NaN,NaN,NaN,NaN,NaN,NaN,NaN,NaN,NaN,NaN,NaN,NaN,NaN,NaN
r_1136,0,0,0,0,0,0,1,1,1,1,1,1,1,1,1,1,1,1,1,NaN,NaN,NaN,NaN,NaN,NaN,NaN,NaN,NaN,NaN,NaN,NaN,NaN,NaN,NaN,NaN,NaN,NaN,NaN,NaN,NaN,NaN,NaN,NaN
r_1166,1,1,0,1,1,1,1,1,1,1,1,1,1,1,1,1,1,1,1,1,1,1,1,1,1,1,1,1,1,1,1,1,1,NaN,NaN,NaN,NaN,NaN,NaN,NaN,NaN,NaN,NaN
r_1211,1,1,1,1,1,1,1,1,1,1,1,1,1,1,1,1,1,1,1,1,1,1,1,1,1,1,1,1,1,1,1,1,NaN,NaN,NaN,NaN,NaN,NaN,NaN,NaN,NaN,NaN,NaN
r_1237,1,1,0,1,1,1,1,1,1,1,1,NaN,1,1,1,1,1,1,1,1,NaN,1,1,1,NaN,1,1,1,NaN,1,1,1,NaN,1,1,1,1,NaN,NaN,NaN,NaN,NaN,NaN
r_1272,1,1,1,1,1,1,1,1,1,1,1,1,1,1,1,1,1,1,1,1,1,1,1,1,1,1,1,1,1,1,1,1,1,1,1,1,1,1,NaN,NaN,NaN,NaN,NaN
r_1585,0,0,0,0,0,0,NaN,0,0,0,0,0,NaN,NaN,0,0,0,1,1,0,0,0,0,0,0,0,0,0,0,0,0,0,0,0,0,NaN,NaN,NaN,NaN,NaN,NaN,NaN,NaN
r_1633,1,1,0,0,0,1,1,1,1,1,0,0,1,1,0,0,0,0,0,NaN,NaN,NaN,NaN,NaN,NaN,NaN,NaN,NaN,NaN,NaN,NaN,NaN,NaN,NaN,NaN,NaN,NaN,NaN,NaN,NaN,NaN,NaN,NaN
r_1748,0,0,0,0,0,0,0,0,0,NaN,0,NaN,0,1,1,0,0,1,1,1,NaN,0,0,0,NaN,0,0,NaN,NaN,0,0,0,NaN,0,0,0,0,NaN,NaN,NaN,NaN,NaN,NaN
r_1762,0,0,0,0,0,0,0,0,0,0,1,1,0,1,0,0,0,1,1,1,NaN,NaN,NaN,NaN,NaN,NaN,NaN,NaN,NaN,NaN,NaN,NaN,NaN,NaN,NaN,NaN,NaN,NaN,NaN,NaN,NaN,NaN,NaN
r_1838,1,1,0,0,1,NaN,1,1,NaN,NaN,NaN,1,1,NaN,0,0,0,0,0,0,0,0,0,0,0,0,0,0,0,0,0,0,0,0,0,NaN,NaN,NaN,NaN,NaN,NaN,NaN,NaN
r_1887,1,1,0,0,0,0,1,1,1,1,1,1,1,0,0,0,0,0,0,0,0,0,0,0,0,0,0,0,0,0,0,0,0,0,0,0,NaN,NaN,NaN,NaN,NaN,NaN,NaN
r_1932,0,0,0,0,0,0,0,0,0,0,0,0,0,1,1,1,1,1,1,0,NaN,NaN,NaN,NaN,NaN,NaN,NaN,NaN,NaN,NaN,NaN,NaN,NaN,NaN,NaN,NaN,NaN,NaN,NaN,NaN,NaN,NaN,NaN
r_1936,1,1,0,0,0,1,1,1,1,1,1,1,1,1,1,1,1,1,1,1,1,1,1,1,1,1,1,1,1,1,1,1,NaN,NaN,NaN,NaN,NaN,NaN,NaN,NaN,NaN,NaN,NaN
r_2034,0,0,0,0,0,1,1,1,1,0,0,0,0,0,0,0,0,0,0,0,0,0,0,0,0,0,0,0,0,0,0,NaN,NaN,NaN,NaN,NaN,NaN,NaN,NaN,NaN,NaN,NaN,NaN
r_2057,0,0,0,0,0,0,0,0,0,0,0,1,1,0,0,0,0,NaN,NaN,NaN,NaN,NaN,NaN,NaN,NaN,NaN,NaN,NaN,NaN,NaN,NaN,NaN,NaN,NaN,NaN,NaN,NaN,NaN,NaN,NaN,NaN,NaN,NaN
r_2093,1,1,0,1,1,1,1,1,1,1,1,1,1,1,1,1,1,1,1,1,NaN,1,1,1,NaN,1,1,NaN,NaN,1,1,NaN,NaN,NaN,NaN,NaN,NaN,NaN,NaN,NaN,NaN,NaN,NaN
r_2140,0,0,0,0,0,0,0,0,0,0,0,NaN,0,0,0,NaN,0,0,0,NaN,0,0,NaN,NaN,0,0,0,NaN,0,0,0,1,1,1,NaN,NaN,NaN,NaN,NaN,NaN,NaN,NaN,NaN
r_2141,0,0,0,0,0,0,0,0,0,0,NaN,NaN,0,0,0,NaN,0,NaN,0,NaN,0,0,0,NaN,0,0,NaN,NaN,0,0,0,NaN,0,0,0,1,NaN,NaN,NaN,NaN,NaN,NaN,NaN
cstm_s_1269_TCE,1,1,0,1,1,1,1,1,1,1,1,1,1,1,1,1,1,1,1,NaN,NaN,NaN,NaN,NaN,NaN,NaN,NaN,NaN,NaN,NaN,NaN,NaN,NaN,NaN,NaN,NaN,NaN,NaN,NaN,NaN,NaN,NaN,NaN
