Row,rMat_valid_normalized1,rMat_valid_normalized2,rMat_valid_normalized3,rMat_valid_normalized4,rMat_valid_normalized5,rMat_valid_normalized6,rMat_valid_normalized7,rMat_valid_normalized8,rMat_valid_normalized9,rMat_valid_normalized10,rMat_valid_normalized11,rMat_valid_normalized12,rMat_valid_normalized13,rMat_valid_normalized14,rMat_valid_normalized15,rMat_valid_normalized16,rMat_valid_normalized17,rMat_valid_normalized18,rMat_valid_normalized19,rMat_valid_normalized20,rMat_valid_normalized21,rMat_valid_normalized22,rMat_valid_normalized23,rMat_valid_normalized24,rMat_valid_normalized25,rMat_valid_normalized26,rMat_valid_normalized27,rMat_valid_normalized28,rMat_valid_normalized29,rMat_valid_normalized30,rMat_valid_normalized31,rMat_valid_normalized32,rMat_valid_normalized33,rMat_valid_normalized34,rMat_valid_normalized35,rMat_valid_normalized36,rMat_valid_normalized37,rMat_valid_normalized38,rMat_valid_normalized39,rMat_valid_normalized40,rMat_valid_normalized41,rMat_valid_normalized42,rMat_valid_normalized43,rMat_valid_normalized44,rMat_valid_normalized45,rMat_valid_normalized46,rMat_valid_normalized47,rMat_valid_normalized48,rMat_valid_normalized49,rMat_valid_normalized50,rMat_valid_normalized51,rMat_valid_normalized52,rMat_valid_normalized53,rMat_valid_normalized54,rMat_valid_normalized55,rMat_valid_normalized56,rMat_valid_normalized57,rMat_valid_normalized58,rMat_valid_normalized59,rMat_valid_normalized60,rMat_valid_normalized61,rMat_valid_normalized62,rMat_valid_normalized63,rMat_valid_normalized64,rMat_valid_normalized65,rMat_valid_normalized66,rMat_valid_normalized67,rMat_valid_normalized68,rMat_valid_normalized69,rMat_valid_normalized70,rMat_valid_normalized71,rMat_valid_normalized72,rMat_valid_normalized73,rMat_valid_normalized74,rMat_valid_normalized75,rMat_valid_normalized76,rMat_valid_normalized77,rMat_valid_normalized78,rMat_valid_normalized79,rMat_valid_normalized80,rMat_valid_normalized81,rMat_valid_normalized82,rMat_valid_normalized83
r_0005,-0.72124380643566,0,0,NaN,-0.636825139423098,NaN,-0.636728983693538,-0.6366743060015,-0.624433172177495,-0.624444990067199,-0.624432763605782,NaN,-0.43029273968568,0.559384524682363,NaN,1,0.961441396519167,0.880447931450682,0.888218177801522,0.698133907667183,0.524038236969883,NaN,NaN,NaN,NaN,NaN,NaN,NaN,NaN,NaN,NaN,NaN,NaN,NaN,NaN,NaN,NaN,NaN,NaN,NaN,NaN,NaN,NaN,NaN,NaN,NaN,NaN,NaN,NaN,NaN,NaN,NaN,NaN,NaN,NaN,NaN,NaN,NaN,NaN,NaN,NaN,NaN,NaN,NaN,NaN,NaN,NaN,NaN,NaN,NaN,NaN,NaN,NaN,NaN,NaN,NaN,NaN,NaN,NaN,NaN,NaN,NaN,NaN
r_0007,0.96432519037057,0,NaN,NaN,0.96432519037057,NaN,0.944502714171039,0.980315604840894,0.970897272848249,0.970636149926066,0.970594165963178,0.961601773805847,0.95915763470823,0.93902527177815,NaN,1,NaN,NaN,0.992156525406654,0.882831558910451,0.893420421735562,NaN,NaN,NaN,NaN,NaN,NaN,NaN,NaN,NaN,NaN,NaN,NaN,NaN,NaN,NaN,NaN,NaN,NaN,NaN,NaN,NaN,NaN,NaN,NaN,NaN,NaN,NaN,NaN,NaN,NaN,NaN,NaN,NaN,NaN,NaN,NaN,NaN,NaN,NaN,NaN,NaN,NaN,NaN,NaN,NaN,NaN,NaN,NaN,NaN,NaN,NaN,NaN,NaN,NaN,NaN,NaN,NaN,NaN,NaN,NaN,NaN,NaN
r_0018,0.887219892724565,0,0.887219892724565,NaN,0.491361298720356,0.48675253857297,0.812511863128774,1,0.98856774193198,0.865278525994548,0.756053157881702,0.437219605704048,0.150307145485058,NaN,NaN,NaN,NaN,NaN,NaN,NaN,NaN,NaN,NaN,NaN,NaN,NaN,NaN,NaN,NaN,NaN,NaN,NaN,NaN,NaN,NaN,NaN,NaN,NaN,NaN,NaN,NaN,NaN,NaN,NaN,NaN,NaN,NaN,NaN,NaN,NaN,NaN,NaN,NaN,NaN,NaN,NaN,NaN,NaN,NaN,NaN,NaN,NaN,NaN,NaN,NaN,NaN,NaN,NaN,NaN,NaN,NaN,NaN,NaN,NaN,NaN,NaN,NaN,NaN,NaN,NaN,NaN,NaN,NaN
r_0027,0.853982334554931,0.247757037782151,0.853982334554931,NaN,0.367218613413517,0.425314053669203,0.943042555775648,NaN,0.951818292969166,NaN,0.96315460553364,NaN,0.821599571216096,0.853527092476888,0.870970539415803,0.888832531673235,1,0.859146086897523,0.944338356779586,NaN,NaN,NaN,NaN,NaN,NaN,NaN,NaN,NaN,NaN,NaN,NaN,NaN,NaN,NaN,NaN,NaN,NaN,NaN,NaN,NaN,NaN,NaN,NaN,NaN,NaN,NaN,NaN,NaN,NaN,NaN,NaN,NaN,NaN,NaN,NaN,NaN,NaN,NaN,NaN,NaN,NaN,NaN,NaN,NaN,NaN,NaN,NaN,NaN,NaN,NaN,NaN,NaN,NaN,NaN,NaN,NaN,NaN,NaN,NaN,NaN,NaN,NaN,NaN
r_0032,0.135434893416163,0.301810047492725,0.301810047492725,NaN,0.237726367323727,0.126303289771252,0.12631090845328,0.126546610416132,NaN,NaN,NaN,NaN,NaN,NaN,0.133882184360232,NaN,0.30125072743243,0.727689983673288,1,0.637441957231355,-0.392736018344722,NaN,NaN,NaN,NaN,NaN,NaN,NaN,NaN,NaN,NaN,NaN,NaN,NaN,NaN,NaN,NaN,NaN,NaN,NaN,NaN,NaN,NaN,NaN,NaN,NaN,NaN,NaN,NaN,NaN,NaN,NaN,NaN,NaN,NaN,NaN,NaN,NaN,NaN,NaN,NaN,NaN,NaN,NaN,NaN,NaN,NaN,NaN,NaN,NaN,NaN,NaN,NaN,NaN,NaN,NaN,NaN,NaN,NaN,NaN,NaN,NaN,NaN
r_0039,0.890632807057567,0.996640958319339,NaN,NaN,0.996641735923623,NaN,NaN,0.996647843568683,NaN,0.997965457040828,1,0.999330327315076,0.899105778118307,NaN,NaN,0.768175393589439,NaN,NaN,NaN,0.443962226432516,0.761519226277238,0.752411994087839,NaN,NaN,NaN,NaN,NaN,NaN,NaN,NaN,NaN,NaN,NaN,NaN,NaN,NaN,NaN,NaN,NaN,NaN,NaN,NaN,NaN,NaN,NaN,NaN,NaN,NaN,NaN,NaN,NaN,NaN,NaN,NaN,NaN,NaN,NaN,NaN,NaN,NaN,NaN,NaN,NaN,NaN,NaN,NaN,NaN,NaN,NaN,NaN,NaN,NaN,NaN,NaN,NaN,NaN,NaN,NaN,NaN,NaN,NaN,NaN,NaN
r_0040,0.812901177573798,0.99712755423816,0.99712755423816,NaN,NaN,0.997148770003481,NaN,0.997344582552057,0.998078491388378,NaN,0.988872719280071,0.984235443792448,1,0.847168825488201,NaN,NaN,0.770227402772749,0.516603823828617,NaN,0.453216296466387,0.773087619943492,0.741843353996234,0.727340603467729,0.697114837254386,0.656405200564197,NaN,NaN,NaN,NaN,NaN,NaN,NaN,NaN,NaN,NaN,NaN,NaN,NaN,NaN,NaN,NaN,NaN,NaN,NaN,NaN,NaN,NaN,NaN,NaN,NaN,NaN,NaN,NaN,NaN,NaN,NaN,NaN,NaN,NaN,NaN,NaN,NaN,NaN,NaN,NaN,NaN,NaN,NaN,NaN,NaN,NaN,NaN,NaN,NaN,NaN,NaN,NaN,NaN,NaN,NaN,NaN,NaN,NaN
r_0042,0.582665017544741,0.839158673201542,0.839442660847756,NaN,0.843570198274343,NaN,0.893684032656717,NaN,0.943017224192849,NaN,0.982551552409241,1,0.994340562105797,0.423522346089974,NaN,0.426990864523292,0.394729924441773,NaN,NaN,NaN,0.674164921692113,0.441982639413146,0.73651261676377,0.696445385291551,0.787225782988185,0.79064409217245,0.797842745731342,NaN,NaN,NaN,NaN,NaN,NaN,NaN,NaN,NaN,NaN,NaN,NaN,NaN,NaN,NaN,NaN,NaN,NaN,NaN,NaN,NaN,NaN,NaN,NaN,NaN,NaN,NaN,NaN,NaN,NaN,NaN,NaN,NaN,NaN,NaN,NaN,NaN,NaN,NaN,NaN,NaN,NaN,NaN,NaN,NaN,NaN,NaN,NaN,NaN,NaN,NaN,NaN,NaN,NaN,NaN,NaN
r_0065,0.847978233674937,0.988604700631207,NaN,0.847978233674937,0.992336566330167,NaN,0.993667675746797,NaN,NaN,0.992630200852039,1,0.999265769559882,0.990889200325245,0.463552760449777,0.659707661792773,0.618650563030576,0.627342337261834,NaN,NaN,NaN,NaN,NaN,NaN,NaN,NaN,NaN,NaN,NaN,NaN,NaN,NaN,NaN,NaN,NaN,NaN,NaN,NaN,NaN,NaN,NaN,NaN,NaN,NaN,NaN,NaN,NaN,NaN,NaN,NaN,NaN,NaN,NaN,NaN,NaN,NaN,NaN,NaN,NaN,NaN,NaN,NaN,NaN,NaN,NaN,NaN,NaN,NaN,NaN,NaN,NaN,NaN,NaN,NaN,NaN,NaN,NaN,NaN,NaN,NaN,NaN,NaN,NaN,NaN
r_0079,0.841468971592012,0.744312043547528,0.841468971592012,NaN,0.744312043547528,NaN,0.918366835079292,0.985665044490909,1,0.94248641337317,0.94613193496564,0.768044580476091,0.776266431282606,0.733504440875035,0.749994286490038,0.732908138580575,NaN,NaN,NaN,NaN,NaN,NaN,NaN,NaN,NaN,NaN,NaN,NaN,NaN,NaN,NaN,NaN,NaN,NaN,NaN,NaN,NaN,NaN,NaN,NaN,NaN,NaN,NaN,NaN,NaN,NaN,NaN,NaN,NaN,NaN,NaN,NaN,NaN,NaN,NaN,NaN,NaN,NaN,NaN,NaN,NaN,NaN,NaN,NaN,NaN,NaN,NaN,NaN,NaN,NaN,NaN,NaN,NaN,NaN,NaN,NaN,NaN,NaN,NaN,NaN,NaN,NaN,NaN
r_0080,0.817682234788757,0,0.817682234788757,0.947794081841329,1,NaN,0.99656922413896,0.974560275281939,0.774745288905806,0.736617575327092,0.808626629944333,NaN,0.808542285560689,NaN,0.808402769269507,0.83247367050138,0.619462530575744,0.703226241204682,NaN,NaN,NaN,NaN,NaN,NaN,NaN,NaN,NaN,NaN,NaN,NaN,NaN,NaN,NaN,NaN,NaN,NaN,NaN,NaN,NaN,NaN,NaN,NaN,NaN,NaN,NaN,NaN,NaN,NaN,NaN,NaN,NaN,NaN,NaN,NaN,NaN,NaN,NaN,NaN,NaN,NaN,NaN,NaN,NaN,NaN,NaN,NaN,NaN,NaN,NaN,NaN,NaN,NaN,NaN,NaN,NaN,NaN,NaN,NaN,NaN,NaN,NaN,NaN,NaN
r_0109,0.64567986823542,0.508541804197882,0.64567986823542,0.491206314902775,0.408283606317367,0.709820085116537,0.685513210156711,0.663441637274837,0.658002830712943,-0.115209202441655,0.614981513889175,0.188086684831894,0.440191261833696,NaN,-0.0909958733819373,1,0.0956300222566933,NaN,NaN,NaN,NaN,NaN,NaN,NaN,NaN,NaN,NaN,NaN,NaN,NaN,NaN,NaN,NaN,NaN,NaN,NaN,NaN,NaN,NaN,NaN,NaN,NaN,NaN,NaN,NaN,NaN,NaN,NaN,NaN,NaN,NaN,NaN,NaN,NaN,NaN,NaN,NaN,NaN,NaN,NaN,NaN,NaN,NaN,NaN,NaN,NaN,NaN,NaN,NaN,NaN,NaN,NaN,NaN,NaN,NaN,NaN,NaN,NaN,NaN,NaN,NaN,NaN,NaN
r_0115,0.923851147717015,0.769626137237937,0.923851147717015,NaN,0.769866795897619,0.918019545956437,NaN,0.918274250360416,0.919052466968273,0.921521003871128,0.921813383491048,0.921037754657806,0.946707128104792,0.957679758283978,0.994663493223656,NaN,1,NaN,NaN,NaN,NaN,NaN,NaN,NaN,NaN,NaN,NaN,NaN,NaN,NaN,NaN,NaN,NaN,NaN,NaN,NaN,NaN,NaN,NaN,NaN,NaN,NaN,NaN,NaN,NaN,NaN,NaN,NaN,NaN,NaN,NaN,NaN,NaN,NaN,NaN,NaN,NaN,NaN,NaN,NaN,NaN,NaN,NaN,NaN,NaN,NaN,NaN,NaN,NaN,NaN,NaN,NaN,NaN,NaN,NaN,NaN,NaN,NaN,NaN,NaN,NaN,NaN,NaN
r_0118,0.933019318344649,0.837629783705144,NaN,0.933019318344649,0.864387322068714,0.930618012721372,0.926196467204963,0.926490050563543,0.940724033142126,0.956397763320935,0.943064397485805,0.938431748614671,0.999813553848141,0.994559734266287,1,NaN,NaN,NaN,NaN,NaN,NaN,NaN,NaN,NaN,NaN,NaN,NaN,NaN,NaN,NaN,NaN,NaN,NaN,NaN,NaN,NaN,NaN,NaN,NaN,NaN,NaN,NaN,NaN,NaN,NaN,NaN,NaN,NaN,NaN,NaN,NaN,NaN,NaN,NaN,NaN,NaN,NaN,NaN,NaN,NaN,NaN,NaN,NaN,NaN,NaN,NaN,NaN,NaN,NaN,NaN,NaN,NaN,NaN,NaN,NaN,NaN,NaN,NaN,NaN,NaN,NaN,NaN,NaN
r_0151,0.800007049834069,1,1,NaN,NaN,0.998780226102378,NaN,NaN,0.912045247928688,NaN,NaN,NaN,0.792026406608096,0.835760862997172,0.841414316214285,NaN,NaN,NaN,NaN,NaN,NaN,NaN,NaN,NaN,NaN,NaN,NaN,NaN,NaN,NaN,NaN,NaN,NaN,NaN,NaN,NaN,NaN,NaN,NaN,NaN,NaN,NaN,NaN,NaN,NaN,NaN,NaN,NaN,NaN,NaN,NaN,NaN,NaN,NaN,NaN,NaN,NaN,NaN,NaN,NaN,NaN,NaN,NaN,NaN,NaN,NaN,NaN,NaN,NaN,NaN,NaN,NaN,NaN,NaN,NaN,NaN,NaN,NaN,NaN,NaN,NaN,NaN,NaN
r_0152,0.850205721119571,0.769372565736114,0.898425382778797,0.898637132040736,0.898598983478391,NaN,0.897430982071158,0.892421385603984,NaN,NaN,NaN,0.996103006339948,0.954491157314125,1,0.662618927398208,NaN,NaN,NaN,NaN,NaN,NaN,NaN,NaN,NaN,NaN,NaN,NaN,NaN,NaN,NaN,NaN,NaN,NaN,NaN,NaN,NaN,NaN,NaN,NaN,NaN,NaN,NaN,NaN,NaN,NaN,NaN,NaN,NaN,NaN,NaN,NaN,NaN,NaN,NaN,NaN,NaN,NaN,NaN,NaN,NaN,NaN,NaN,NaN,NaN,NaN,NaN,NaN,NaN,NaN,NaN,NaN,NaN,NaN,NaN,NaN,NaN,NaN,NaN,NaN,NaN,NaN,NaN,NaN
r_0153,0.801411126293381,0.840999647001701,0.844930832943609,0.885748018837136,0.880320399208536,0.721025053503221,0.845420741360867,NaN,NaN,NaN,0.837089147562237,0.959938142322972,1,0.965307068318736,0.203552487778049,NaN,NaN,NaN,NaN,NaN,NaN,NaN,NaN,NaN,NaN,NaN,NaN,NaN,NaN,NaN,NaN,NaN,NaN,NaN,NaN,NaN,NaN,NaN,NaN,NaN,NaN,NaN,NaN,NaN,NaN,NaN,NaN,NaN,NaN,NaN,NaN,NaN,NaN,NaN,NaN,NaN,NaN,NaN,NaN,NaN,NaN,NaN,NaN,NaN,NaN,NaN,NaN,NaN,NaN,NaN,NaN,NaN,NaN,NaN,NaN,NaN,NaN,NaN,NaN,NaN,NaN,NaN,NaN
r_0195,0.928382495753868,0.971631889366589,0.971631889366589,NaN,0.965176701235317,0.971383955831024,0.974518804613002,0.955790052032538,0.957971775414333,NaN,0.945700143421603,0.944679457637893,NaN,0.996952845165032,NaN,NaN,1,0.940361786023006,NaN,NaN,NaN,NaN,NaN,NaN,NaN,NaN,NaN,NaN,NaN,NaN,NaN,NaN,NaN,NaN,NaN,NaN,NaN,NaN,NaN,NaN,NaN,NaN,NaN,NaN,NaN,NaN,NaN,NaN,NaN,NaN,NaN,NaN,NaN,NaN,NaN,NaN,NaN,NaN,NaN,NaN,NaN,NaN,NaN,NaN,NaN,NaN,NaN,NaN,NaN,NaN,NaN,NaN,NaN,NaN,NaN,NaN,NaN,NaN,NaN,NaN,NaN,NaN,NaN
r_0207,0.670007483690083,0.88881267222628,0.896048723530876,0.932604188591018,0.936966745450101,NaN,0.94053948271938,0.946480991972572,0.940729123090633,0.648669942347971,0.639866218936098,1,0.908655190112812,0.969676644293534,0.994793351558777,NaN,NaN,NaN,NaN,NaN,NaN,NaN,NaN,NaN,NaN,NaN,NaN,NaN,NaN,NaN,NaN,NaN,NaN,NaN,NaN,NaN,NaN,NaN,NaN,NaN,NaN,NaN,NaN,NaN,NaN,NaN,NaN,NaN,NaN,NaN,NaN,NaN,NaN,NaN,NaN,NaN,NaN,NaN,NaN,NaN,NaN,NaN,NaN,NaN,NaN,NaN,NaN,NaN,NaN,NaN,NaN,NaN,NaN,NaN,NaN,NaN,NaN,NaN,NaN,NaN,NaN,NaN,NaN
r_0208,0.65106128590748,0.925786309096671,0.925786309096671,NaN,0.948200953393912,0.95731765243316,0.955607191206189,0.627001961050671,0.649914845990929,0.57796742826961,NaN,0.961746481001134,1,0.975678846464922,0.942837144543632,NaN,NaN,NaN,NaN,NaN,NaN,NaN,NaN,NaN,NaN,NaN,NaN,NaN,NaN,NaN,NaN,NaN,NaN,NaN,NaN,NaN,NaN,NaN,NaN,NaN,NaN,NaN,NaN,NaN,NaN,NaN,NaN,NaN,NaN,NaN,NaN,NaN,NaN,NaN,NaN,NaN,NaN,NaN,NaN,NaN,NaN,NaN,NaN,NaN,NaN,NaN,NaN,NaN,NaN,NaN,NaN,NaN,NaN,NaN,NaN,NaN,NaN,NaN,NaN,NaN,NaN,NaN,NaN
r_0214,0.70442142627365,1,1,NaN,0.998892137146985,0.983521528368076,0.735335332571655,0.735209847949324,0.708333309630833,NaN,0.734994111164684,0.755936955879272,0.752675685319386,0.678241811553241,NaN,0.692737009569989,NaN,NaN,NaN,NaN,NaN,NaN,NaN,NaN,NaN,NaN,NaN,NaN,NaN,NaN,NaN,NaN,NaN,NaN,NaN,NaN,NaN,NaN,NaN,NaN,NaN,NaN,NaN,NaN,NaN,NaN,NaN,NaN,NaN,NaN,NaN,NaN,NaN,NaN,NaN,NaN,NaN,NaN,NaN,NaN,NaN,NaN,NaN,NaN,NaN,NaN,NaN,NaN,NaN,NaN,NaN,NaN,NaN,NaN,NaN,NaN,NaN,NaN,NaN,NaN,NaN,NaN,NaN
r_0215,0.797248162767659,0.395205272051845,0.797248162767659,0.422356481002997,0.679536027067276,NaN,1,0.76414726234379,0.757001196002176,0.670715205842886,NaN,0.753984171380136,0.756869884734704,0.916722814760241,0.997724743166946,0.986809488069281,0.835041649136627,NaN,NaN,NaN,NaN,NaN,NaN,NaN,NaN,NaN,NaN,NaN,NaN,NaN,NaN,NaN,NaN,NaN,NaN,NaN,NaN,NaN,NaN,NaN,NaN,NaN,NaN,NaN,NaN,NaN,NaN,NaN,NaN,NaN,NaN,NaN,NaN,NaN,NaN,NaN,NaN,NaN,NaN,NaN,NaN,NaN,NaN,NaN,NaN,NaN,NaN,NaN,NaN,NaN,NaN,NaN,NaN,NaN,NaN,NaN,NaN,NaN,NaN,NaN,NaN,NaN,NaN
r_0216,0.430280311129841,0.431008839247914,0.431015932362193,0.431232988355736,0.516827404746365,0.346898538283859,0.44739669357043,0.590918841274827,0.611172268571239,0.683438389931585,1,0.931655189723758,NaN,NaN,NaN,NaN,NaN,NaN,NaN,NaN,NaN,NaN,NaN,NaN,NaN,NaN,NaN,NaN,NaN,NaN,NaN,NaN,NaN,NaN,NaN,NaN,NaN,NaN,NaN,NaN,NaN,NaN,NaN,NaN,NaN,NaN,NaN,NaN,NaN,NaN,NaN,NaN,NaN,NaN,NaN,NaN,NaN,NaN,NaN,NaN,NaN,NaN,NaN,NaN,NaN,NaN,NaN,NaN,NaN,NaN,NaN,NaN,NaN,NaN,NaN,NaN,NaN,NaN,NaN,NaN,NaN,NaN,NaN
r_0219,0.769496538324343,0.583189780640856,0.769496538324343,NaN,0.726019151300793,NaN,0.819381285807766,0.962800123500967,0.626815219317441,0.639728208520624,0.632534057212611,0.643077551276338,0.644119824558005,0.721270808980006,0.917098543796437,1,0.809272094029688,NaN,NaN,NaN,NaN,NaN,NaN,NaN,NaN,NaN,NaN,NaN,NaN,NaN,NaN,NaN,NaN,NaN,NaN,NaN,NaN,NaN,NaN,NaN,NaN,NaN,NaN,NaN,NaN,NaN,NaN,NaN,NaN,NaN,NaN,NaN,NaN,NaN,NaN,NaN,NaN,NaN,NaN,NaN,NaN,NaN,NaN,NaN,NaN,NaN,NaN,NaN,NaN,NaN,NaN,NaN,NaN,NaN,NaN,NaN,NaN,NaN,NaN,NaN,NaN,NaN,NaN
r_0225,0.980986522485451,0.83310486538772,0.980986522485451,NaN,0.859259263073999,0.943648620229408,NaN,NaN,NaN,0.9736070995777,NaN,0.976247629991459,0.988382463396204,NaN,NaN,0.985353816488429,0.985309362798245,0.976232730050035,1,0.97468669938672,NaN,NaN,NaN,NaN,NaN,NaN,NaN,NaN,NaN,NaN,NaN,NaN,NaN,NaN,NaN,NaN,NaN,NaN,NaN,NaN,NaN,NaN,NaN,NaN,NaN,NaN,NaN,NaN,NaN,NaN,NaN,NaN,NaN,NaN,NaN,NaN,NaN,NaN,NaN,NaN,NaN,NaN,NaN,NaN,NaN,NaN,NaN,NaN,NaN,NaN,NaN,NaN,NaN,NaN,NaN,NaN,NaN,NaN,NaN,NaN,NaN,NaN,NaN
r_0278,0.945129848141782,0,0.945129848141782,NaN,0.899312066849534,0.916925015989716,NaN,NaN,0.956313967620574,NaN,0.991054181918782,0.999343172579747,NaN,1,0.999411204583081,NaN,0.457203655080684,0.521507034598675,0.729106406491695,NaN,0.503827652775939,NaN,NaN,NaN,NaN,NaN,NaN,NaN,NaN,NaN,NaN,NaN,NaN,NaN,NaN,NaN,NaN,NaN,NaN,NaN,NaN,NaN,NaN,NaN,NaN,NaN,NaN,NaN,NaN,NaN,NaN,NaN,NaN,NaN,NaN,NaN,NaN,NaN,NaN,NaN,NaN,NaN,NaN,NaN,NaN,NaN,NaN,NaN,NaN,NaN,NaN,NaN,NaN,NaN,NaN,NaN,NaN,NaN,NaN,NaN,NaN,NaN,NaN
r_0279,0.892199842970253,0.917928279161944,0.917928279161944,NaN,0.92609732110603,NaN,NaN,0.963195561507141,NaN,0.988419054978182,NaN,1,0.999889557790407,0.999713246472487,0.647976447517743,0.625328192905641,0.620569347265789,0.408291497152929,0.40543040073196,NaN,NaN,NaN,NaN,NaN,NaN,NaN,NaN,NaN,NaN,NaN,NaN,NaN,NaN,NaN,NaN,NaN,NaN,NaN,NaN,NaN,NaN,NaN,NaN,NaN,NaN,NaN,NaN,NaN,NaN,NaN,NaN,NaN,NaN,NaN,NaN,NaN,NaN,NaN,NaN,NaN,NaN,NaN,NaN,NaN,NaN,NaN,NaN,NaN,NaN,NaN,NaN,NaN,NaN,NaN,NaN,NaN,NaN,NaN,NaN,NaN,NaN,NaN,NaN
r_0300,0.772465652008174,0.441986929805971,0.772465652008174,0.72397400745966,1,NaN,NaN,0.74842964211662,0.806863301157046,0.436387552037762,0.402615936223437,0.402475941482221,0.461109898051434,0.732600409688847,0.677545569251849,0.536119211176174,NaN,NaN,NaN,NaN,NaN,NaN,NaN,NaN,NaN,NaN,NaN,NaN,NaN,NaN,NaN,NaN,NaN,NaN,NaN,NaN,NaN,NaN,NaN,NaN,NaN,NaN,NaN,NaN,NaN,NaN,NaN,NaN,NaN,NaN,NaN,NaN,NaN,NaN,NaN,NaN,NaN,NaN,NaN,NaN,NaN,NaN,NaN,NaN,NaN,NaN,NaN,NaN,NaN,NaN,NaN,NaN,NaN,NaN,NaN,NaN,NaN,NaN,NaN,NaN,NaN,NaN,NaN
r_0349,0.703442994491068,0,NaN,0.703442994491068,1,0.728082599954853,0.728111661154163,0.728031366945206,0.693917236116331,0.693319831868749,0.727899348962444,0.741366937943513,0.696640442660228,0.688110420843605,0.68273187041094,0.684136843850754,NaN,NaN,NaN,NaN,NaN,NaN,NaN,NaN,NaN,NaN,NaN,NaN,NaN,NaN,NaN,NaN,NaN,NaN,NaN,NaN,NaN,NaN,NaN,NaN,NaN,NaN,NaN,NaN,NaN,NaN,NaN,NaN,NaN,NaN,NaN,NaN,NaN,NaN,NaN,NaN,NaN,NaN,NaN,NaN,NaN,NaN,NaN,NaN,NaN,NaN,NaN,NaN,NaN,NaN,NaN,NaN,NaN,NaN,NaN,NaN,NaN,NaN,NaN,NaN,NaN,NaN,NaN
r_0361,-0.751850852525941,-0.292157270171726,-0.292157270171726,NaN,-0.293701781360673,-0.828765930677596,-0.844617310187997,NaN,-0.847326957005969,NaN,-0.844427583150804,NaN,-0.342631336288352,0.390723062871285,0.912739030449719,NaN,0.892907545668086,0.808609461496055,0.934707290490241,0.894370908409694,1,0.676423163789866,NaN,0.671611235917357,0.66823366460469,NaN,NaN,NaN,NaN,NaN,NaN,NaN,NaN,NaN,NaN,NaN,NaN,NaN,NaN,NaN,NaN,NaN,NaN,NaN,NaN,NaN,NaN,NaN,NaN,NaN,NaN,NaN,NaN,NaN,NaN,NaN,NaN,NaN,NaN,NaN,NaN,NaN,NaN,NaN,NaN,NaN,NaN,NaN,NaN,NaN,NaN,NaN,NaN,NaN,NaN,NaN,NaN,NaN,NaN,NaN,NaN,NaN,NaN
r_0362,-0.859860439358533,0,0,NaN,-0.289403857473313,NaN,-0.0421624174365349,NaN,-0.289449651694691,NaN,-0.289449642186298,NaN,-0.733426216716404,NaN,0.288442963902815,0.544553833627725,NaN,NaN,0.927949632695586,0.904125908138955,1,0.655045074667124,NaN,NaN,NaN,NaN,NaN,NaN,NaN,NaN,NaN,NaN,NaN,NaN,NaN,NaN,NaN,NaN,NaN,NaN,NaN,NaN,NaN,NaN,NaN,NaN,NaN,NaN,NaN,NaN,NaN,NaN,NaN,NaN,NaN,NaN,NaN,NaN,NaN,NaN,NaN,NaN,NaN,NaN,NaN,NaN,NaN,NaN,NaN,NaN,NaN,NaN,NaN,NaN,NaN,NaN,NaN,NaN,NaN,NaN,NaN,NaN,NaN
r_0366,0.629230891515753,0,1,0.988273711869072,0.873634969583035,0.848629964411216,NaN,0.615285288124548,0.615263872414482,0.614623655109376,0.616209099731653,0.644991670392129,0.82523423445009,0.735576632735871,0.73523338566189,NaN,NaN,NaN,NaN,NaN,NaN,NaN,NaN,NaN,NaN,NaN,NaN,NaN,NaN,NaN,NaN,NaN,NaN,NaN,NaN,NaN,NaN,NaN,NaN,NaN,NaN,NaN,NaN,NaN,NaN,NaN,NaN,NaN,NaN,NaN,NaN,NaN,NaN,NaN,NaN,NaN,NaN,NaN,NaN,NaN,NaN,NaN,NaN,NaN,NaN,NaN,NaN,NaN,NaN,NaN,NaN,NaN,NaN,NaN,NaN,NaN,NaN,NaN,NaN,NaN,NaN,NaN,NaN
r_0439,0.220766860197059,0,0.220766860197059,NaN,0.181077921900731,0.365501172416787,0.273174287548997,0.274671311271302,NaN,NaN,NaN,NaN,0.275781110770687,NaN,0.313839364300533,1,0.999546528296335,NaN,NaN,NaN,NaN,NaN,NaN,NaN,NaN,NaN,NaN,NaN,NaN,NaN,NaN,NaN,NaN,NaN,NaN,NaN,NaN,NaN,NaN,NaN,NaN,NaN,NaN,NaN,NaN,NaN,NaN,NaN,NaN,NaN,NaN,NaN,NaN,NaN,NaN,NaN,NaN,NaN,NaN,NaN,NaN,NaN,NaN,NaN,NaN,NaN,NaN,NaN,NaN,NaN,NaN,NaN,NaN,NaN,NaN,NaN,NaN,NaN,NaN,NaN,NaN,NaN,NaN
r_0450,0.840465777433321,0.557660066316081,0.840465777433321,NaN,0.847856627608329,0.872419267562075,NaN,NaN,NaN,0.881941478356408,0.899660589521512,0.915084625368511,0.960003658305806,1,NaN,NaN,NaN,NaN,NaN,NaN,NaN,NaN,NaN,NaN,NaN,NaN,NaN,NaN,NaN,NaN,NaN,NaN,NaN,NaN,NaN,NaN,NaN,NaN,NaN,NaN,NaN,NaN,NaN,NaN,NaN,NaN,NaN,NaN,NaN,NaN,NaN,NaN,NaN,NaN,NaN,NaN,NaN,NaN,NaN,NaN,NaN,NaN,NaN,NaN,NaN,NaN,NaN,NaN,NaN,NaN,NaN,NaN,NaN,NaN,NaN,NaN,NaN,NaN,NaN,NaN,NaN,NaN,NaN
r_0460,-0.305310235341845,0,-0.305310235341845,0,-0.275862006100217,NaN,NaN,NaN,NaN,NaN,-0.296520896799459,0.728250296822526,0.492404095299016,1,NaN,NaN,NaN,NaN,NaN,NaN,NaN,NaN,NaN,NaN,NaN,NaN,NaN,NaN,NaN,NaN,NaN,NaN,NaN,NaN,NaN,NaN,NaN,NaN,NaN,NaN,NaN,NaN,NaN,NaN,NaN,NaN,NaN,NaN,NaN,NaN,NaN,NaN,NaN,NaN,NaN,NaN,NaN,NaN,NaN,NaN,NaN,NaN,NaN,NaN,NaN,NaN,NaN,NaN,NaN,NaN,NaN,NaN,NaN,NaN,NaN,NaN,NaN,NaN,NaN,NaN,NaN,NaN,NaN
r_0467,0.738164465673784,0.326042318069381,0.738164465673784,NaN,0.382850382633529,NaN,0.953440615432244,0.996098207035527,0.999073235778343,NaN,NaN,0.997229835464093,1,0.970381894950228,0.98011182922523,0.959419704180925,NaN,NaN,NaN,NaN,NaN,NaN,NaN,NaN,NaN,NaN,NaN,NaN,NaN,NaN,NaN,NaN,NaN,NaN,NaN,NaN,NaN,NaN,NaN,NaN,NaN,NaN,NaN,NaN,NaN,NaN,NaN,NaN,NaN,NaN,NaN,NaN,NaN,NaN,NaN,NaN,NaN,NaN,NaN,NaN,NaN,NaN,NaN,NaN,NaN,NaN,NaN,NaN,NaN,NaN,NaN,NaN,NaN,NaN,NaN,NaN,NaN,NaN,NaN,NaN,NaN,NaN,NaN
r_0468,0.830134056488608,0.998839356400159,1,0.923642848832138,0.836321653136409,NaN,NaN,0.85447991178081,0.819525635585873,0.822626773030614,0.720609862247514,0.672272306833113,NaN,NaN,NaN,NaN,0.489912681055402,0.731525074325501,0.531636890167365,0.757142411798973,0.592321155272612,0.50339085225824,NaN,NaN,NaN,NaN,NaN,NaN,NaN,NaN,NaN,NaN,NaN,NaN,NaN,NaN,NaN,NaN,NaN,NaN,NaN,NaN,NaN,NaN,NaN,NaN,NaN,NaN,NaN,NaN,NaN,NaN,NaN,NaN,NaN,NaN,NaN,NaN,NaN,NaN,NaN,NaN,NaN,NaN,NaN,NaN,NaN,NaN,NaN,NaN,NaN,NaN,NaN,NaN,NaN,NaN,NaN,NaN,NaN,NaN,NaN,NaN,NaN
r_0473,0.967052166009925,0.447649748435812,0.967052166009925,NaN,0.837310661972518,1,0.962213289176988,0.962080511507683,NaN,NaN,NaN,0.901627556539984,0.865741555148483,NaN,0.851864533629689,0.947997155214059,NaN,NaN,0.882804533063003,0.836678067700316,0.655777670828929,NaN,NaN,NaN,NaN,NaN,NaN,NaN,NaN,NaN,NaN,NaN,NaN,NaN,NaN,NaN,NaN,NaN,NaN,NaN,NaN,NaN,NaN,NaN,NaN,NaN,NaN,NaN,NaN,NaN,NaN,NaN,NaN,NaN,NaN,NaN,NaN,NaN,NaN,NaN,NaN,NaN,NaN,NaN,NaN,NaN,NaN,NaN,NaN,NaN,NaN,NaN,NaN,NaN,NaN,NaN,NaN,NaN,NaN,NaN,NaN,NaN,NaN
r_0485,-0.299336850145066,-0.239472367423169,-0.239472367423169,NaN,-0.265954009599425,NaN,NaN,NaN,NaN,-0.322148236584331,NaN,-0.28725904375139,0.412813553834183,0.707694931581375,1,NaN,NaN,NaN,NaN,NaN,NaN,NaN,NaN,NaN,NaN,NaN,NaN,NaN,NaN,NaN,NaN,NaN,NaN,NaN,NaN,NaN,NaN,NaN,NaN,NaN,NaN,NaN,NaN,NaN,NaN,NaN,NaN,NaN,NaN,NaN,NaN,NaN,NaN,NaN,NaN,NaN,NaN,NaN,NaN,NaN,NaN,NaN,NaN,NaN,NaN,NaN,NaN,NaN,NaN,NaN,NaN,NaN,NaN,NaN,NaN,NaN,NaN,NaN,NaN,NaN,NaN,NaN,NaN
r_0486,0.51278295130616,0.619210121684568,0.619210121684568,0.604579039690749,0.426857315955815,0.485909931625506,0.576354189715389,NaN,0.577177659308061,NaN,NaN,NaN,0.871416431072861,0.843843872422437,1,NaN,NaN,NaN,NaN,NaN,NaN,NaN,NaN,NaN,NaN,NaN,NaN,NaN,NaN,NaN,NaN,NaN,NaN,NaN,NaN,NaN,NaN,NaN,NaN,NaN,NaN,NaN,NaN,NaN,NaN,NaN,NaN,NaN,NaN,NaN,NaN,NaN,NaN,NaN,NaN,NaN,NaN,NaN,NaN,NaN,NaN,NaN,NaN,NaN,NaN,NaN,NaN,NaN,NaN,NaN,NaN,NaN,NaN,NaN,NaN,NaN,NaN,NaN,NaN,NaN,NaN,NaN,NaN
r_0489,0.847170818779403,0.733745451803805,0.847170818779403,0.872228261253442,0.873844761909,NaN,NaN,NaN,NaN,NaN,NaN,0.881597101061672,0.939098693161511,NaN,NaN,0.939277200467133,NaN,0.984093620500455,0.973557764685786,1,NaN,NaN,NaN,NaN,NaN,NaN,NaN,NaN,NaN,NaN,NaN,NaN,NaN,NaN,NaN,NaN,NaN,NaN,NaN,NaN,NaN,NaN,NaN,NaN,NaN,NaN,NaN,NaN,NaN,NaN,NaN,NaN,NaN,NaN,NaN,NaN,NaN,NaN,NaN,NaN,NaN,NaN,NaN,NaN,NaN,NaN,NaN,NaN,NaN,NaN,NaN,NaN,NaN,NaN,NaN,NaN,NaN,NaN,NaN,NaN,NaN,NaN,NaN
r_0491,-0.199628703451953,0.966894623954643,0.9896236294215,NaN,1,0.992461511894327,-0.0193129601935407,-0.635624583470241,-0.626050958970454,NaN,NaN,-0.626592769974355,NaN,NaN,NaN,-1.02508122243968,NaN,-0.779466566567934,-0.735295751340596,NaN,NaN,NaN,NaN,NaN,NaN,NaN,NaN,NaN,NaN,NaN,NaN,NaN,NaN,NaN,NaN,NaN,NaN,NaN,NaN,NaN,NaN,NaN,NaN,NaN,NaN,NaN,NaN,NaN,NaN,NaN,NaN,NaN,NaN,NaN,NaN,NaN,NaN,NaN,NaN,NaN,NaN,NaN,NaN,NaN,NaN,NaN,NaN,NaN,NaN,NaN,NaN,NaN,NaN,NaN,NaN,NaN,NaN,NaN,NaN,NaN,NaN,NaN,NaN
r_0499,0.917265278095962,0,NaN,NaN,0.917265278095962,NaN,0.91822956334575,NaN,1,NaN,0.95133818059834,0.985839589789208,0.805914049424961,0.749327035406473,0.786010332680151,NaN,0.759051329388209,NaN,NaN,NaN,NaN,NaN,NaN,NaN,NaN,NaN,NaN,NaN,NaN,NaN,NaN,NaN,NaN,NaN,NaN,NaN,NaN,NaN,NaN,NaN,NaN,NaN,NaN,NaN,NaN,NaN,NaN,NaN,NaN,NaN,NaN,NaN,NaN,NaN,NaN,NaN,NaN,NaN,NaN,NaN,NaN,NaN,NaN,NaN,NaN,NaN,NaN,NaN,NaN,NaN,NaN,NaN,NaN,NaN,NaN,NaN,NaN,NaN,NaN,NaN,NaN,NaN,NaN
r_0514,-0.300240285921959,0.799088740202642,0.802453161903581,0.845937124657495,0.46203952071015,0.401768328996897,1,-0.510788287403963,-0.448095576161218,-0.271518830260484,-0.229679960236217,-0.184713258368723,-0.761488694672323,-0.713705373269096,NaN,NaN,NaN,NaN,NaN,NaN,NaN,NaN,NaN,NaN,NaN,NaN,NaN,NaN,NaN,NaN,NaN,NaN,NaN,NaN,NaN,NaN,NaN,NaN,NaN,NaN,NaN,NaN,NaN,NaN,NaN,NaN,NaN,NaN,NaN,NaN,NaN,NaN,NaN,NaN,NaN,NaN,NaN,NaN,NaN,NaN,NaN,NaN,NaN,NaN,NaN,NaN,NaN,NaN,NaN,NaN,NaN,NaN,NaN,NaN,NaN,NaN,NaN,NaN,NaN,NaN,NaN,NaN,NaN
r_0528,0.516200572493281,0.478947938551734,0.516200572493281,NaN,NaN,0.560204550675422,NaN,NaN,0.789007671642062,0.827178714494493,1,NaN,0.986247594546036,0.898046773635063,NaN,NaN,0.843114186019907,-0.738642612227197,-0.873446840594122,NaN,NaN,NaN,NaN,NaN,NaN,NaN,NaN,NaN,NaN,NaN,NaN,NaN,NaN,NaN,NaN,NaN,NaN,NaN,NaN,NaN,NaN,NaN,NaN,NaN,NaN,NaN,NaN,NaN,NaN,NaN,NaN,NaN,NaN,NaN,NaN,NaN,NaN,NaN,NaN,NaN,NaN,NaN,NaN,NaN,NaN,NaN,NaN,NaN,NaN,NaN,NaN,NaN,NaN,NaN,NaN,NaN,NaN,NaN,NaN,NaN,NaN,NaN,NaN
r_0534,0.985388619236438,0,0.985388619236438,0.115745592043685,0.99782526137533,0.9996502360535,1,0.977449130564516,0.964328101790339,0.94070095197045,0.916469162767901,0.890859045893507,NaN,NaN,0.886236624021961,0.930456420860862,0.896104574788956,0.920818956623152,NaN,NaN,NaN,NaN,NaN,NaN,NaN,NaN,NaN,NaN,NaN,NaN,NaN,NaN,NaN,NaN,NaN,NaN,NaN,NaN,NaN,NaN,NaN,NaN,NaN,NaN,NaN,NaN,NaN,NaN,NaN,NaN,NaN,NaN,NaN,NaN,NaN,NaN,NaN,NaN,NaN,NaN,NaN,NaN,NaN,NaN,NaN,NaN,NaN,NaN,NaN,NaN,NaN,NaN,NaN,NaN,NaN,NaN,NaN,NaN,NaN,NaN,NaN,NaN,NaN
r_0536,0.990685290461731,0.999544519800902,0.999544519800902,NaN,NaN,1,NaN,0.997346180984087,0.987745131770503,NaN,NaN,0.970336732431643,NaN,0.976494718459021,0.983619555750977,0.994083788435101,0.99405011318967,NaN,NaN,NaN,NaN,NaN,NaN,NaN,NaN,NaN,NaN,NaN,NaN,NaN,NaN,NaN,NaN,NaN,NaN,NaN,NaN,NaN,NaN,NaN,NaN,NaN,NaN,NaN,NaN,NaN,NaN,NaN,NaN,NaN,NaN,NaN,NaN,NaN,NaN,NaN,NaN,NaN,NaN,NaN,NaN,NaN,NaN,NaN,NaN,NaN,NaN,NaN,NaN,NaN,NaN,NaN,NaN,NaN,NaN,NaN,NaN,NaN,NaN,NaN,NaN,NaN,NaN
r_0537,0.995396223287653,0,NaN,NaN,0.995396223287653,0.926662374124033,0.980983258629422,NaN,NaN,0.974999878241009,NaN,0.98199126754135,0.989434140340585,1,0.999973862964381,0.924742018660684,NaN,NaN,NaN,NaN,NaN,NaN,NaN,NaN,NaN,NaN,NaN,NaN,NaN,NaN,NaN,NaN,NaN,NaN,NaN,NaN,NaN,NaN,NaN,NaN,NaN,NaN,NaN,NaN,NaN,NaN,NaN,NaN,NaN,NaN,NaN,NaN,NaN,NaN,NaN,NaN,NaN,NaN,NaN,NaN,NaN,NaN,NaN,NaN,NaN,NaN,NaN,NaN,NaN,NaN,NaN,NaN,NaN,NaN,NaN,NaN,NaN,NaN,NaN,NaN,NaN,NaN,NaN
r_0538,0.993186603317839,0.897065536838398,0.993186603317839,NaN,0.897065536838398,0.90641372607055,0.921812700512567,0.95965659800375,NaN,0.981401693020486,0.989403659469593,NaN,1,NaN,NaN,NaN,NaN,NaN,NaN,NaN,NaN,NaN,NaN,NaN,NaN,NaN,NaN,NaN,NaN,NaN,NaN,NaN,NaN,NaN,NaN,NaN,NaN,NaN,NaN,NaN,NaN,NaN,NaN,NaN,NaN,NaN,NaN,NaN,NaN,NaN,NaN,NaN,NaN,NaN,NaN,NaN,NaN,NaN,NaN,NaN,NaN,NaN,NaN,NaN,NaN,NaN,NaN,NaN,NaN,NaN,NaN,NaN,NaN,NaN,NaN,NaN,NaN,NaN,NaN,NaN,NaN,NaN,NaN
r_0542,0.904101526502381,0.381362146157075,0.904101526502381,NaN,0.394450021419065,0.531770316655292,0.961062177293052,NaN,0.948096288764871,NaN,NaN,1,0.973057144078738,0.868372563597548,0.886185754381295,0.966131823752614,0.942955819944865,0.614769503327352,0.550103327945791,NaN,NaN,NaN,NaN,NaN,NaN,NaN,NaN,NaN,NaN,NaN,NaN,NaN,NaN,NaN,NaN,NaN,NaN,NaN,NaN,NaN,NaN,NaN,NaN,NaN,NaN,NaN,NaN,NaN,NaN,NaN,NaN,NaN,NaN,NaN,NaN,NaN,NaN,NaN,NaN,NaN,NaN,NaN,NaN,NaN,NaN,NaN,NaN,NaN,NaN,NaN,NaN,NaN,NaN,NaN,NaN,NaN,NaN,NaN,NaN,NaN,NaN,NaN,NaN
r_0545,0.930217847956185,0.747549850610706,0.930217847956185,NaN,0.893160677282902,NaN,0.923517682354124,NaN,0.895524899341425,NaN,1,0.97983423642691,0.965491212130565,0.872231301762285,0.961528569428389,0.486814642418944,0.604738217613505,0.396820180574401,0.401162787755718,NaN,0.549769314100617,NaN,NaN,NaN,NaN,NaN,NaN,NaN,NaN,NaN,NaN,NaN,NaN,NaN,NaN,NaN,NaN,NaN,NaN,NaN,NaN,NaN,NaN,NaN,NaN,NaN,NaN,NaN,NaN,NaN,NaN,NaN,NaN,NaN,NaN,NaN,NaN,NaN,NaN,NaN,NaN,NaN,NaN,NaN,NaN,NaN,NaN,NaN,NaN,NaN,NaN,NaN,NaN,NaN,NaN,NaN,NaN,NaN,NaN,NaN,NaN,NaN,NaN
r_0547,0.723710608179033,0.494385252456105,0.723710608179033,NaN,0.587758738775585,NaN,1,0.768399635919149,0.900216782163407,0.841948405843824,NaN,0.59991887109026,NaN,0.613331371161335,NaN,0.700320441355305,0.782694524095684,NaN,NaN,NaN,NaN,NaN,NaN,NaN,NaN,NaN,NaN,NaN,NaN,NaN,NaN,NaN,NaN,NaN,NaN,NaN,NaN,NaN,NaN,NaN,NaN,NaN,NaN,NaN,NaN,NaN,NaN,NaN,NaN,NaN,NaN,NaN,NaN,NaN,NaN,NaN,NaN,NaN,NaN,NaN,NaN,NaN,NaN,NaN,NaN,NaN,NaN,NaN,NaN,NaN,NaN,NaN,NaN,NaN,NaN,NaN,NaN,NaN,NaN,NaN,NaN,NaN,NaN
r_0549,0.922996018838528,0,0.922996018838528,NaN,-0.294215355450484,-0.266119683246057,NaN,1,0.978068515567138,0.966165214844998,0.91752705224394,NaN,0.974752562046263,0.916477647161754,0.931657676878746,NaN,NaN,NaN,NaN,NaN,NaN,NaN,NaN,NaN,NaN,NaN,NaN,NaN,NaN,NaN,NaN,NaN,NaN,NaN,NaN,NaN,NaN,NaN,NaN,NaN,NaN,NaN,NaN,NaN,NaN,NaN,NaN,NaN,NaN,NaN,NaN,NaN,NaN,NaN,NaN,NaN,NaN,NaN,NaN,NaN,NaN,NaN,NaN,NaN,NaN,NaN,NaN,NaN,NaN,NaN,NaN,NaN,NaN,NaN,NaN,NaN,NaN,NaN,NaN,NaN,NaN,NaN,NaN
r_0563,0.974765407107088,0.994774890224299,0.974765407107088,NaN,0.994774890224299,0.994617038007844,NaN,0.956385447545073,0.972193033961352,NaN,1,NaN,0.91756279216918,0.921719713388771,NaN,NaN,NaN,NaN,NaN,NaN,NaN,NaN,NaN,NaN,NaN,NaN,NaN,NaN,NaN,NaN,NaN,NaN,NaN,NaN,NaN,NaN,NaN,NaN,NaN,NaN,NaN,NaN,NaN,NaN,NaN,NaN,NaN,NaN,NaN,NaN,NaN,NaN,NaN,NaN,NaN,NaN,NaN,NaN,NaN,NaN,NaN,NaN,NaN,NaN,NaN,NaN,NaN,NaN,NaN,NaN,NaN,NaN,NaN,NaN,NaN,NaN,NaN,NaN,NaN,NaN,NaN,NaN,NaN
r_0564,0.990550883618382,0.741933525333187,NaN,0.990550883618382,0.741933525333187,NaN,0.794112786271064,NaN,0.91809497772121,0.946420905548662,0.981455555263149,0.999564261839703,1,0.913134867252012,0.866475854717893,NaN,NaN,NaN,NaN,NaN,NaN,NaN,NaN,NaN,NaN,NaN,NaN,NaN,NaN,NaN,NaN,NaN,NaN,NaN,NaN,NaN,NaN,NaN,NaN,NaN,NaN,NaN,NaN,NaN,NaN,NaN,NaN,NaN,NaN,NaN,NaN,NaN,NaN,NaN,NaN,NaN,NaN,NaN,NaN,NaN,NaN,NaN,NaN,NaN,NaN,NaN,NaN,NaN,NaN,NaN,NaN,NaN,NaN,NaN,NaN,NaN,NaN,NaN,NaN,NaN,NaN,NaN,NaN
r_0565,0.925811263681243,0.265459201914669,0.925811263681243,NaN,0.665045423230944,NaN,0.744997407593091,NaN,0.808503315949168,0.915310157895623,NaN,0.998181563698996,1,0.757776563477852,0.732223036096168,0.65644845448614,0.0911995772843103,NaN,NaN,NaN,NaN,NaN,NaN,NaN,NaN,NaN,NaN,NaN,NaN,NaN,NaN,NaN,NaN,NaN,NaN,NaN,NaN,NaN,NaN,NaN,NaN,NaN,NaN,NaN,NaN,NaN,NaN,NaN,NaN,NaN,NaN,NaN,NaN,NaN,NaN,NaN,NaN,NaN,NaN,NaN,NaN,NaN,NaN,NaN,NaN,NaN,NaN,NaN,NaN,NaN,NaN,NaN,NaN,NaN,NaN,NaN,NaN,NaN,NaN,NaN,NaN,NaN,NaN
r_0570,0.948387063852583,0.673922535946511,0.948387063852583,NaN,0.674709835907063,NaN,NaN,0.691769244293431,NaN,0.949250850390263,NaN,0.942228590242012,1,0.838480431488697,0.984704516196088,0.960453351993685,0.953906567540985,NaN,NaN,NaN,NaN,NaN,NaN,NaN,NaN,NaN,NaN,NaN,NaN,NaN,NaN,NaN,NaN,NaN,NaN,NaN,NaN,NaN,NaN,NaN,NaN,NaN,NaN,NaN,NaN,NaN,NaN,NaN,NaN,NaN,NaN,NaN,NaN,NaN,NaN,NaN,NaN,NaN,NaN,NaN,NaN,NaN,NaN,NaN,NaN,NaN,NaN,NaN,NaN,NaN,NaN,NaN,NaN,NaN,NaN,NaN,NaN,NaN,NaN,NaN,NaN,NaN,NaN
r_0678,0.903795290891963,0,0.903795290891963,NaN,0.689977527743916,0.716904366963272,0.838903752883687,NaN,0.988746972972091,1,NaN,0.977249127322608,0.928696932907643,0.212810039359656,0.445088707413023,NaN,NaN,NaN,NaN,NaN,NaN,NaN,NaN,NaN,NaN,NaN,NaN,NaN,NaN,NaN,NaN,NaN,NaN,NaN,NaN,NaN,NaN,NaN,NaN,NaN,NaN,NaN,NaN,NaN,NaN,NaN,NaN,NaN,NaN,NaN,NaN,NaN,NaN,NaN,NaN,NaN,NaN,NaN,NaN,NaN,NaN,NaN,NaN,NaN,NaN,NaN,NaN,NaN,NaN,NaN,NaN,NaN,NaN,NaN,NaN,NaN,NaN,NaN,NaN,NaN,NaN,NaN,NaN
r_0718,0.951741645953649,0.942951917691573,0.951741645953649,NaN,1,0.946298856685199,0.950608855684474,NaN,0.934184698322394,NaN,0.93239554540762,0.924101658565793,0.729174084709917,0.808013267835281,0.796497347076322,NaN,NaN,NaN,NaN,NaN,NaN,NaN,NaN,NaN,NaN,NaN,NaN,NaN,NaN,NaN,NaN,NaN,NaN,NaN,NaN,NaN,NaN,NaN,NaN,NaN,NaN,NaN,NaN,NaN,NaN,NaN,NaN,NaN,NaN,NaN,NaN,NaN,NaN,NaN,NaN,NaN,NaN,NaN,NaN,NaN,NaN,NaN,NaN,NaN,NaN,NaN,NaN,NaN,NaN,NaN,NaN,NaN,NaN,NaN,NaN,NaN,NaN,NaN,NaN,NaN,NaN,NaN,NaN
r_0722,0.3292351348672,-0.760446127674536,0.3292351348672,NaN,-0.762529498865724,-0.878473850907017,-0.889579122036704,NaN,-0.889999268774537,NaN,-0.13447825698202,0.920586058543799,0.940296643808472,0.943869008767238,NaN,NaN,0.956432568147073,0.94620261002755,0.963964303722328,1,0.99074003403446,NaN,NaN,0.485713483338238,NaN,NaN,NaN,NaN,NaN,NaN,NaN,NaN,NaN,NaN,NaN,NaN,NaN,NaN,NaN,NaN,NaN,NaN,NaN,NaN,NaN,NaN,NaN,NaN,NaN,NaN,NaN,NaN,NaN,NaN,NaN,NaN,NaN,NaN,NaN,NaN,NaN,NaN,NaN,NaN,NaN,NaN,NaN,NaN,NaN,NaN,NaN,NaN,NaN,NaN,NaN,NaN,NaN,NaN,NaN,NaN,NaN,NaN,NaN
r_0723,0.625673174438894,-0.509127139753397,0.625673174438894,NaN,0.35005045769809,0.871215150602862,NaN,1,0.917833642901536,NaN,NaN,NaN,0.918328693378311,0.931814584944666,NaN,0.989542434889503,0.964429783087731,NaN,0.93025857476722,0.657685021783589,NaN,NaN,NaN,NaN,NaN,NaN,NaN,NaN,NaN,NaN,NaN,NaN,NaN,NaN,NaN,NaN,NaN,NaN,NaN,NaN,NaN,NaN,NaN,NaN,NaN,NaN,NaN,NaN,NaN,NaN,NaN,NaN,NaN,NaN,NaN,NaN,NaN,NaN,NaN,NaN,NaN,NaN,NaN,NaN,NaN,NaN,NaN,NaN,NaN,NaN,NaN,NaN,NaN,NaN,NaN,NaN,NaN,NaN,NaN,NaN,NaN,NaN,NaN
r_0727,0.941285021615482,0.998387555877133,0.998387555877133,NaN,1,0.986461540624965,0.91767052506727,0.962941458219349,NaN,NaN,NaN,0.768106811889135,0.762726890983697,NaN,0.781028500990536,0.456967453772828,0.460568946583521,NaN,NaN,NaN,NaN,NaN,NaN,NaN,NaN,NaN,NaN,NaN,NaN,NaN,NaN,NaN,NaN,NaN,NaN,NaN,NaN,NaN,NaN,NaN,NaN,NaN,NaN,NaN,NaN,NaN,NaN,NaN,NaN,NaN,NaN,NaN,NaN,NaN,NaN,NaN,NaN,NaN,NaN,NaN,NaN,NaN,NaN,NaN,NaN,NaN,NaN,NaN,NaN,NaN,NaN,NaN,NaN,NaN,NaN,NaN,NaN,NaN,NaN,NaN,NaN,NaN,NaN
r_0759,0.927742272534613,0.772385156908499,NaN,0.927742272534613,0.779112235801669,0.919361670145884,0.91961561992962,0.922876985275912,0.923172799143942,0.922405000029002,0.947302761395018,0.953247521176263,0.94462105337267,0.945750481591512,0.990985422759657,0.985900565910937,1,NaN,NaN,NaN,NaN,NaN,NaN,NaN,NaN,NaN,NaN,NaN,NaN,NaN,NaN,NaN,NaN,NaN,NaN,NaN,NaN,NaN,NaN,NaN,NaN,NaN,NaN,NaN,NaN,NaN,NaN,NaN,NaN,NaN,NaN,NaN,NaN,NaN,NaN,NaN,NaN,NaN,NaN,NaN,NaN,NaN,NaN,NaN,NaN,NaN,NaN,NaN,NaN,NaN,NaN,NaN,NaN,NaN,NaN,NaN,NaN,NaN,NaN,NaN,NaN,NaN,NaN
r_0813,0.779525729065387,-0.00462816481150993,0.779525729065387,NaN,-0.00943983513190458,NaN,-0.149989634227891,NaN,-0.188805848468307,0.631351132419737,0.836310327887023,NaN,0.830771168287212,1,0.962954185492214,0.978338148409668,0.807367608268655,NaN,NaN,NaN,NaN,NaN,NaN,NaN,NaN,NaN,NaN,NaN,NaN,NaN,NaN,NaN,NaN,NaN,NaN,NaN,NaN,NaN,NaN,NaN,NaN,NaN,NaN,NaN,NaN,NaN,NaN,NaN,NaN,NaN,NaN,NaN,NaN,NaN,NaN,NaN,NaN,NaN,NaN,NaN,NaN,NaN,NaN,NaN,NaN,NaN,NaN,NaN,NaN,NaN,NaN,NaN,NaN,NaN,NaN,NaN,NaN,NaN,NaN,NaN,NaN,NaN,NaN
r_0816,0.622876735573861,0.945150531540208,0.945150531540208,0.945131850177763,0.944625183701264,0.619416748551852,0.643725216804757,0.636631423061888,0.636328599337706,NaN,0.598788287251776,0.617072082070194,NaN,0.963634607920857,1,0.906735920524706,0.862523948819862,NaN,NaN,NaN,NaN,NaN,NaN,NaN,NaN,NaN,NaN,NaN,NaN,NaN,NaN,NaN,NaN,NaN,NaN,NaN,NaN,NaN,NaN,NaN,NaN,NaN,NaN,NaN,NaN,NaN,NaN,NaN,NaN,NaN,NaN,NaN,NaN,NaN,NaN,NaN,NaN,NaN,NaN,NaN,NaN,NaN,NaN,NaN,NaN,NaN,NaN,NaN,NaN,NaN,NaN,NaN,NaN,NaN,NaN,NaN,NaN,NaN,NaN,NaN,NaN,NaN,NaN
r_0818,0.918321686392817,0.979194136014158,0.918321686392817,NaN,0.979194136014158,0.984360785994702,0.992755816394233,0.908421595180284,0.892996363022083,0.891854347089171,0.93489849922149,0.899000196052637,0.996844738225161,0.947457972750018,1,0.993321145602103,0.963329540175693,0.999529172558154,NaN,NaN,NaN,NaN,NaN,NaN,NaN,NaN,NaN,NaN,NaN,NaN,NaN,NaN,NaN,NaN,NaN,NaN,NaN,NaN,NaN,NaN,NaN,NaN,NaN,NaN,NaN,NaN,NaN,NaN,NaN,NaN,NaN,NaN,NaN,NaN,NaN,NaN,NaN,NaN,NaN,NaN,NaN,NaN,NaN,NaN,NaN,NaN,NaN,NaN,NaN,NaN,NaN,NaN,NaN,NaN,NaN,NaN,NaN,NaN,NaN,NaN,NaN,NaN,NaN
r_0820,-1.22997591123769,0,-1.22997591123769,0,1,NaN,-1.17496422332529,-1.21241936127112,NaN,-1.25893097443952,-1.2209702866038,NaN,NaN,-1.09437215126462,-1.08795649035562,-1.09395671213673,NaN,NaN,NaN,NaN,NaN,NaN,NaN,NaN,NaN,NaN,NaN,NaN,NaN,NaN,NaN,NaN,NaN,NaN,NaN,NaN,NaN,NaN,NaN,NaN,NaN,NaN,NaN,NaN,NaN,NaN,NaN,NaN,NaN,NaN,NaN,NaN,NaN,NaN,NaN,NaN,NaN,NaN,NaN,NaN,NaN,NaN,NaN,NaN,NaN,NaN,NaN,NaN,NaN,NaN,NaN,NaN,NaN,NaN,NaN,NaN,NaN,NaN,NaN,NaN,NaN,NaN,NaN
r_0821,-0.998759182220256,0.937409722906206,0.938593613406029,NaN,0.95207980537697,1,-0.772747775221322,NaN,NaN,-0.978923433148804,NaN,-1.0124171609665,-0.996441771725542,-0.981890676264188,NaN,-0.890729573592373,-0.8830340670865,NaN,NaN,NaN,NaN,NaN,NaN,NaN,NaN,NaN,NaN,NaN,NaN,NaN,NaN,NaN,NaN,NaN,NaN,NaN,NaN,NaN,NaN,NaN,NaN,NaN,NaN,NaN,NaN,NaN,NaN,NaN,NaN,NaN,NaN,NaN,NaN,NaN,NaN,NaN,NaN,NaN,NaN,NaN,NaN,NaN,NaN,NaN,NaN,NaN,NaN,NaN,NaN,NaN,NaN,NaN,NaN,NaN,NaN,NaN,NaN,NaN,NaN,NaN,NaN,NaN,NaN
r_0855,0.841324925738218,0.95209242325211,0.841324925738218,NaN,0.95209242325211,NaN,0.95105983687163,NaN,0.967919626918061,1,0.986238575992985,0.936018381221708,0.929608421171171,0.767978537864029,0.771035163036859,0.660817858559661,0.721880583965741,0.743602104806445,-0.0033697980500842,NaN,NaN,NaN,NaN,NaN,NaN,NaN,NaN,NaN,NaN,NaN,NaN,NaN,NaN,NaN,NaN,NaN,NaN,NaN,NaN,NaN,NaN,NaN,NaN,NaN,NaN,NaN,NaN,NaN,NaN,NaN,NaN,NaN,NaN,NaN,NaN,NaN,NaN,NaN,NaN,NaN,NaN,NaN,NaN,NaN,NaN,NaN,NaN,NaN,NaN,NaN,NaN,NaN,NaN,NaN,NaN,NaN,NaN,NaN,NaN,NaN,NaN,NaN,NaN
r_0886,0.54777855651755,1,1,0.482804065670191,NaN,NaN,0.513966567693352,0.663834964202724,NaN,NaN,0.66331974707873,0.662099399144107,0.731822210570844,0.801250025176068,0.946683014839664,0.953886872969165,NaN,NaN,NaN,NaN,NaN,NaN,NaN,NaN,NaN,NaN,NaN,NaN,NaN,NaN,NaN,NaN,NaN,NaN,NaN,NaN,NaN,NaN,NaN,NaN,NaN,NaN,NaN,NaN,NaN,NaN,NaN,NaN,NaN,NaN,NaN,NaN,NaN,NaN,NaN,NaN,NaN,NaN,NaN,NaN,NaN,NaN,NaN,NaN,NaN,NaN,NaN,NaN,NaN,NaN,NaN,NaN,NaN,NaN,NaN,NaN,NaN,NaN,NaN,NaN,NaN,NaN,NaN
r_0892,0.59945518181832,0.381801084670503,0.59945518181832,NaN,0.566826857332654,0.586845776313795,0.608654740552253,0.640079448523877,0.649130152026924,NaN,NaN,0.649277781902892,NaN,1,0.884935590765847,0.884927065346583,NaN,NaN,NaN,NaN,NaN,NaN,NaN,NaN,NaN,NaN,NaN,NaN,NaN,NaN,NaN,NaN,NaN,NaN,NaN,NaN,NaN,NaN,NaN,NaN,NaN,NaN,NaN,NaN,NaN,NaN,NaN,NaN,NaN,NaN,NaN,NaN,NaN,NaN,NaN,NaN,NaN,NaN,NaN,NaN,NaN,NaN,NaN,NaN,NaN,NaN,NaN,NaN,NaN,NaN,NaN,NaN,NaN,NaN,NaN,NaN,NaN,NaN,NaN,NaN,NaN,NaN,NaN
r_0893,0.668426131442834,0.825387225405409,0.8254018370079,NaN,0.861310463267863,0.660842934711618,0.660827052202561,0.660329715245031,0.674172438565156,0.668497119479727,0.687285314739394,NaN,0.967247223533942,1,0.978595652849495,NaN,NaN,NaN,NaN,NaN,NaN,NaN,NaN,NaN,NaN,NaN,NaN,NaN,NaN,NaN,NaN,NaN,NaN,NaN,NaN,NaN,NaN,NaN,NaN,NaN,NaN,NaN,NaN,NaN,NaN,NaN,NaN,NaN,NaN,NaN,NaN,NaN,NaN,NaN,NaN,NaN,NaN,NaN,NaN,NaN,NaN,NaN,NaN,NaN,NaN,NaN,NaN,NaN,NaN,NaN,NaN,NaN,NaN,NaN,NaN,NaN,NaN,NaN,NaN,NaN,NaN,NaN,NaN
r_0902,-0.341201070858478,-0.77156254392844,-0.341201070858478,NaN,-0.776421755437533,-0.28281466295413,0.102890883584713,0.379239009894325,0.399634079755953,0.748822097957179,0.760530247799589,0.769070902184925,NaN,NaN,NaN,0.816324594989946,0.891034381152869,0.930679601856574,1,0.975290286936973,NaN,NaN,NaN,NaN,NaN,NaN,NaN,NaN,NaN,NaN,NaN,NaN,NaN,NaN,NaN,NaN,NaN,NaN,NaN,NaN,NaN,NaN,NaN,NaN,NaN,NaN,NaN,NaN,NaN,NaN,NaN,NaN,NaN,NaN,NaN,NaN,NaN,NaN,NaN,NaN,NaN,NaN,NaN,NaN,NaN,NaN,NaN,NaN,NaN,NaN,NaN,NaN,NaN,NaN,NaN,NaN,NaN,NaN,NaN,NaN,NaN,NaN,NaN
r_0908,0.863853860294531,0.922751331026754,NaN,0.863853860294531,0.93419948376301,NaN,0.988656731197656,NaN,1,0.986508847384038,0.979440747502127,0.914384946817174,0.912657424276678,0.805972303218211,0.75742462154773,NaN,NaN,NaN,NaN,NaN,NaN,NaN,NaN,NaN,NaN,NaN,NaN,NaN,NaN,NaN,NaN,NaN,NaN,NaN,NaN,NaN,NaN,NaN,NaN,NaN,NaN,NaN,NaN,NaN,NaN,NaN,NaN,NaN,NaN,NaN,NaN,NaN,NaN,NaN,NaN,NaN,NaN,NaN,NaN,NaN,NaN,NaN,NaN,NaN,NaN,NaN,NaN,NaN,NaN,NaN,NaN,NaN,NaN,NaN,NaN,NaN,NaN,NaN,NaN,NaN,NaN,NaN,NaN
r_0909,0.964977928671578,0.967973465572028,0.964977928671578,NaN,0.967973465572028,NaN,0.968646694986194,0.969288788298853,0.973186627444172,NaN,NaN,0.970206140515822,0.970315072468775,0.959627104916359,0.964346903852591,NaN,1,0.884638595175719,0.896996706266909,NaN,NaN,NaN,NaN,NaN,NaN,NaN,NaN,NaN,NaN,NaN,NaN,NaN,NaN,NaN,NaN,NaN,NaN,NaN,NaN,NaN,NaN,NaN,NaN,NaN,NaN,NaN,NaN,NaN,NaN,NaN,NaN,NaN,NaN,NaN,NaN,NaN,NaN,NaN,NaN,NaN,NaN,NaN,NaN,NaN,NaN,NaN,NaN,NaN,NaN,NaN,NaN,NaN,NaN,NaN,NaN,NaN,NaN,NaN,NaN,NaN,NaN,NaN,NaN
r_0910,0.98037331179102,0.983340214057125,0.98037331179102,NaN,0.983731562145564,NaN,NaN,0.980922782919028,NaN,0.9758111001289,0.987544573421039,NaN,NaN,0.982776621243137,0.986139010207402,0.975187709234563,1,NaN,0.899283335043121,0.881597586051822,0.89749352055501,NaN,NaN,NaN,NaN,NaN,NaN,NaN,NaN,NaN,NaN,NaN,NaN,NaN,NaN,NaN,NaN,NaN,NaN,NaN,NaN,NaN,NaN,NaN,NaN,NaN,NaN,NaN,NaN,NaN,NaN,NaN,NaN,NaN,NaN,NaN,NaN,NaN,NaN,NaN,NaN,NaN,NaN,NaN,NaN,NaN,NaN,NaN,NaN,NaN,NaN,NaN,NaN,NaN,NaN,NaN,NaN,NaN,NaN,NaN,NaN,NaN,NaN
r_0911,0.85761940562038,0.750022020170125,0.85761940562038,NaN,0.78424172873898,NaN,0.900171424432492,NaN,0.989774186375114,1,0.993870481121246,NaN,0.91412089376164,0.891972287796125,0.780131146322046,0.7695310089491,0.729589574713518,NaN,0.70433054308514,NaN,NaN,NaN,NaN,NaN,NaN,NaN,NaN,NaN,NaN,NaN,NaN,NaN,NaN,NaN,NaN,NaN,NaN,NaN,NaN,NaN,NaN,NaN,NaN,NaN,NaN,NaN,NaN,NaN,NaN,NaN,NaN,NaN,NaN,NaN,NaN,NaN,NaN,NaN,NaN,NaN,NaN,NaN,NaN,NaN,NaN,NaN,NaN,NaN,NaN,NaN,NaN,NaN,NaN,NaN,NaN,NaN,NaN,NaN,NaN,NaN,NaN,NaN,NaN
r_0912,0.937356266825009,0.673696425636626,0.937356266825009,NaN,0.707448871313729,NaN,NaN,0.890432510689936,0.96498598036861,NaN,0.981554938460408,1,0.975588353742821,0.834823305332436,0.964839526997566,0.956219083012453,0.960678051486815,NaN,NaN,NaN,NaN,NaN,NaN,NaN,NaN,NaN,NaN,NaN,NaN,NaN,NaN,NaN,NaN,NaN,NaN,NaN,NaN,NaN,NaN,NaN,NaN,NaN,NaN,NaN,NaN,NaN,NaN,NaN,NaN,NaN,NaN,NaN,NaN,NaN,NaN,NaN,NaN,NaN,NaN,NaN,NaN,NaN,NaN,NaN,NaN,NaN,NaN,NaN,NaN,NaN,NaN,NaN,NaN,NaN,NaN,NaN,NaN,NaN,NaN,NaN,NaN,NaN,NaN
r_0914,0.897826544503771,0.975159647281455,0.897826544503771,NaN,0.97912489974033,NaN,0.952560918934403,0.927328958171369,NaN,0.930009472967997,1,0.752248864081331,0.816562064908398,0.774873603840573,0.8510343718733,0.818410139094613,0.515631913517326,NaN,NaN,NaN,NaN,NaN,NaN,NaN,NaN,NaN,NaN,NaN,NaN,NaN,NaN,NaN,NaN,NaN,NaN,NaN,NaN,NaN,NaN,NaN,NaN,NaN,NaN,NaN,NaN,NaN,NaN,NaN,NaN,NaN,NaN,NaN,NaN,NaN,NaN,NaN,NaN,NaN,NaN,NaN,NaN,NaN,NaN,NaN,NaN,NaN,NaN,NaN,NaN,NaN,NaN,NaN,NaN,NaN,NaN,NaN,NaN,NaN,NaN,NaN,NaN,NaN,NaN
r_0915,0.853975593984574,0.931484209858218,0.931484209858218,NaN,0.935833536134739,NaN,0.955451770259132,0.929816850385856,NaN,0.933023352642238,1,0.789748834818256,0.785777191908457,0.750405548226315,0.72705501260069,0.764431189019283,NaN,NaN,NaN,NaN,NaN,NaN,NaN,NaN,NaN,NaN,NaN,NaN,NaN,NaN,NaN,NaN,NaN,NaN,NaN,NaN,NaN,NaN,NaN,NaN,NaN,NaN,NaN,NaN,NaN,NaN,NaN,NaN,NaN,NaN,NaN,NaN,NaN,NaN,NaN,NaN,NaN,NaN,NaN,NaN,NaN,NaN,NaN,NaN,NaN,NaN,NaN,NaN,NaN,NaN,NaN,NaN,NaN,NaN,NaN,NaN,NaN,NaN,NaN,NaN,NaN,NaN,NaN
r_0916,0.581336505462565,0,0.581336505462565,NaN,0.132651824755411,0.422727343113426,0.617797351988374,0.854205371224369,0.829342859142746,0.900207660944893,0.958548137354159,1,0.989171175134853,NaN,0.936749744060101,0.926410898594813,NaN,NaN,NaN,NaN,NaN,NaN,NaN,NaN,NaN,NaN,NaN,NaN,NaN,NaN,NaN,NaN,NaN,NaN,NaN,NaN,NaN,NaN,NaN,NaN,NaN,NaN,NaN,NaN,NaN,NaN,NaN,NaN,NaN,NaN,NaN,NaN,NaN,NaN,NaN,NaN,NaN,NaN,NaN,NaN,NaN,NaN,NaN,NaN,NaN,NaN,NaN,NaN,NaN,NaN,NaN,NaN,NaN,NaN,NaN,NaN,NaN,NaN,NaN,NaN,NaN,NaN,NaN
r_0938,0.961728697360448,0,1,NaN,0.999998378664853,0.99993091717501,0.998144237993508,NaN,0.978603163547436,NaN,0.98271710057538,NaN,NaN,0.985396954817852,0.988235636745737,0.394661507631199,0.377137214847937,NaN,0.461771090514935,NaN,0.735147906489765,0.484276902406174,0.236257856631382,NaN,NaN,NaN,NaN,NaN,NaN,NaN,NaN,NaN,NaN,NaN,NaN,NaN,NaN,NaN,NaN,NaN,NaN,NaN,NaN,NaN,NaN,NaN,NaN,NaN,NaN,NaN,NaN,NaN,NaN,NaN,NaN,NaN,NaN,NaN,NaN,NaN,NaN,NaN,NaN,NaN,NaN,NaN,NaN,NaN,NaN,NaN,NaN,NaN,NaN,NaN,NaN,NaN,NaN,NaN,NaN,NaN,NaN,NaN,NaN
r_0939,0.971518512798441,0,0.971518512798441,NaN,NaN,NaN,0.837306494838347,0.844056183415431,0.897725984571238,NaN,0.951682091050339,NaN,0.978571147429901,NaN,1,0.560194899333588,0.525620129277683,NaN,0.565966797067414,0.686951272224188,0.712071456711932,0.534457849976568,0.315869571053067,NaN,NaN,NaN,NaN,NaN,NaN,NaN,NaN,NaN,NaN,NaN,NaN,NaN,NaN,NaN,NaN,NaN,NaN,NaN,NaN,NaN,NaN,NaN,NaN,NaN,NaN,NaN,NaN,NaN,NaN,NaN,NaN,NaN,NaN,NaN,NaN,NaN,NaN,NaN,NaN,NaN,NaN,NaN,NaN,NaN,NaN,NaN,NaN,NaN,NaN,NaN,NaN,NaN,NaN,NaN,NaN,NaN,NaN,NaN,NaN
r_0957,0.885119747941737,-0.413609361673512,0.885119747941737,NaN,NaN,-0.397061963242529,0.623217129398524,NaN,1,NaN,NaN,0.843266485456373,0.795007498686924,0.764422226099043,NaN,0.850643164226663,0.753257987198222,0.527833302465221,0.489371829876087,0.510518239513225,0.527013481519676,NaN,NaN,NaN,NaN,NaN,NaN,NaN,NaN,NaN,NaN,NaN,NaN,NaN,NaN,NaN,NaN,NaN,NaN,NaN,NaN,NaN,NaN,NaN,NaN,NaN,NaN,NaN,NaN,NaN,NaN,NaN,NaN,NaN,NaN,NaN,NaN,NaN,NaN,NaN,NaN,NaN,NaN,NaN,NaN,NaN,NaN,NaN,NaN,NaN,NaN,NaN,NaN,NaN,NaN,NaN,NaN,NaN,NaN,NaN,NaN,NaN,NaN
r_0958,0.769934582198494,0.99795342041429,1,0.993646065070378,NaN,0.976275075681771,0.936341338412343,NaN,0.848887885297418,0.723572937829063,0.920936338936258,0.724864084430971,0.151697657265633,NaN,NaN,NaN,NaN,NaN,NaN,NaN,NaN,NaN,NaN,NaN,NaN,NaN,NaN,NaN,NaN,NaN,NaN,NaN,NaN,NaN,NaN,NaN,NaN,NaN,NaN,NaN,NaN,NaN,NaN,NaN,NaN,NaN,NaN,NaN,NaN,NaN,NaN,NaN,NaN,NaN,NaN,NaN,NaN,NaN,NaN,NaN,NaN,NaN,NaN,NaN,NaN,NaN,NaN,NaN,NaN,NaN,NaN,NaN,NaN,NaN,NaN,NaN,NaN,NaN,NaN,NaN,NaN,NaN,NaN
r_0959,0.96909820299411,0.926091496250972,0.983708593705727,NaN,1,NaN,0.856293432338184,0.879019000430391,NaN,0.815836421194252,0.793747578467434,0.786429543989132,0.905607332876715,NaN,NaN,NaN,NaN,NaN,NaN,NaN,NaN,NaN,NaN,NaN,NaN,NaN,NaN,NaN,NaN,NaN,NaN,NaN,NaN,NaN,NaN,NaN,NaN,NaN,NaN,NaN,NaN,NaN,NaN,NaN,NaN,NaN,NaN,NaN,NaN,NaN,NaN,NaN,NaN,NaN,NaN,NaN,NaN,NaN,NaN,NaN,NaN,NaN,NaN,NaN,NaN,NaN,NaN,NaN,NaN,NaN,NaN,NaN,NaN,NaN,NaN,NaN,NaN,NaN,NaN,NaN,NaN,NaN,NaN
r_0962,0.817703547021983,0.888779204214,0.96199011981727,1,0.994034018380617,0.751867807444311,NaN,0.810639946741287,0.774691120411876,0.818563590532828,0.866109236553451,NaN,0.857959660668291,0.727324655276125,NaN,NaN,NaN,NaN,NaN,NaN,NaN,NaN,NaN,NaN,NaN,NaN,NaN,NaN,NaN,NaN,NaN,NaN,NaN,NaN,NaN,NaN,NaN,NaN,NaN,NaN,NaN,NaN,NaN,NaN,NaN,NaN,NaN,NaN,NaN,NaN,NaN,NaN,NaN,NaN,NaN,NaN,NaN,NaN,NaN,NaN,NaN,NaN,NaN,NaN,NaN,NaN,NaN,NaN,NaN,NaN,NaN,NaN,NaN,NaN,NaN,NaN,NaN,NaN,NaN,NaN,NaN,NaN,NaN
r_0988,0.917534764283446,0.51585647806279,0.917534764283446,NaN,0.633917332098093,NaN,0.83175527744126,NaN,NaN,NaN,NaN,1,0.97327961672277,NaN,NaN,NaN,NaN,NaN,NaN,NaN,NaN,NaN,NaN,NaN,NaN,NaN,NaN,NaN,NaN,NaN,NaN,NaN,NaN,NaN,NaN,NaN,NaN,NaN,NaN,NaN,NaN,NaN,NaN,NaN,NaN,NaN,NaN,NaN,NaN,NaN,NaN,NaN,NaN,NaN,NaN,NaN,NaN,NaN,NaN,NaN,NaN,NaN,NaN,NaN,NaN,NaN,NaN,NaN,NaN,NaN,NaN,NaN,NaN,NaN,NaN,NaN,NaN,NaN,NaN,NaN,NaN,NaN,NaN
r_0989,0.909043370214298,0.686927284329292,0.909043370214298,NaN,0.728271029870459,NaN,0.829870227604234,NaN,NaN,0.988108654906596,NaN,1,0.864528219102036,NaN,NaN,NaN,NaN,NaN,NaN,NaN,NaN,NaN,NaN,NaN,NaN,NaN,NaN,NaN,NaN,NaN,NaN,NaN,NaN,NaN,NaN,NaN,NaN,NaN,NaN,NaN,NaN,NaN,NaN,NaN,NaN,NaN,NaN,NaN,NaN,NaN,NaN,NaN,NaN,NaN,NaN,NaN,NaN,NaN,NaN,NaN,NaN,NaN,NaN,NaN,NaN,NaN,NaN,NaN,NaN,NaN,NaN,NaN,NaN,NaN,NaN,NaN,NaN,NaN,NaN,NaN,NaN,NaN,NaN
r_0996,0.928547731614731,0.991655540073945,NaN,NaN,0.991655540073945,NaN,0.991698455406005,0.992312440259317,1,0.985574662656948,0.997643253307101,0.997318506903854,NaN,0.768784838085164,0.517304665683476,0.329979961077479,NaN,NaN,0.30912237110358,0.711465847095807,0.779625746842542,NaN,NaN,NaN,NaN,NaN,NaN,NaN,NaN,NaN,NaN,NaN,NaN,NaN,NaN,NaN,NaN,NaN,NaN,NaN,NaN,NaN,NaN,NaN,NaN,NaN,NaN,NaN,NaN,NaN,NaN,NaN,NaN,NaN,NaN,NaN,NaN,NaN,NaN,NaN,NaN,NaN,NaN,NaN,NaN,NaN,NaN,NaN,NaN,NaN,NaN,NaN,NaN,NaN,NaN,NaN,NaN,NaN,NaN,NaN,NaN,NaN,NaN
r_0997,0.942221584536306,0.989521313717871,NaN,NaN,0.989521313717871,NaN,0.995995180271789,NaN,0.996408824145991,0.99715105111009,1,NaN,0.995757088652005,0.99568596248366,0.763303759852538,NaN,0.32155735644253,0.652108421979163,0.720647542568805,0.711123935465534,NaN,NaN,NaN,NaN,NaN,NaN,NaN,NaN,NaN,NaN,NaN,NaN,NaN,NaN,NaN,NaN,NaN,NaN,NaN,NaN,NaN,NaN,NaN,NaN,NaN,NaN,NaN,NaN,NaN,NaN,NaN,NaN,NaN,NaN,NaN,NaN,NaN,NaN,NaN,NaN,NaN,NaN,NaN,NaN,NaN,NaN,NaN,NaN,NaN,NaN,NaN,NaN,NaN,NaN,NaN,NaN,NaN,NaN,NaN,NaN,NaN,NaN,NaN
r_1021,0.353702431539812,0,0.356294286518024,NaN,0.356254483854665,NaN,0.329018879389762,NaN,NaN,0.318494070341041,1,0.815531431996239,0.327927461498215,0.979729240516713,0.310513910679308,0.262921576542323,NaN,NaN,NaN,NaN,NaN,NaN,NaN,NaN,NaN,NaN,NaN,NaN,NaN,NaN,NaN,NaN,NaN,NaN,NaN,NaN,NaN,NaN,NaN,NaN,NaN,NaN,NaN,NaN,NaN,NaN,NaN,NaN,NaN,NaN,NaN,NaN,NaN,NaN,NaN,NaN,NaN,NaN,NaN,NaN,NaN,NaN,NaN,NaN,NaN,NaN,NaN,NaN,NaN,NaN,NaN,NaN,NaN,NaN,NaN,NaN,NaN,NaN,NaN,NaN,NaN,NaN,NaN
r_1022,0.842017347985704,1,1,0.996044113091165,0.90933617773503,NaN,0.907444525201643,0.920853118245283,0.905109869266916,NaN,0.889258513632022,0.920325036387096,0.916832913820773,NaN,NaN,NaN,NaN,NaN,NaN,NaN,NaN,NaN,NaN,NaN,NaN,NaN,NaN,NaN,NaN,NaN,NaN,NaN,NaN,NaN,NaN,NaN,NaN,NaN,NaN,NaN,NaN,NaN,NaN,NaN,NaN,NaN,NaN,NaN,NaN,NaN,NaN,NaN,NaN,NaN,NaN,NaN,NaN,NaN,NaN,NaN,NaN,NaN,NaN,NaN,NaN,NaN,NaN,NaN,NaN,NaN,NaN,NaN,NaN,NaN,NaN,NaN,NaN,NaN,NaN,NaN,NaN,NaN,NaN
r_1051,0.949378793636635,1,1,NaN,0.999742317305397,NaN,0.964799029442023,0.920361319853912,0.994920209712856,0.982690706878959,NaN,NaN,NaN,0.974618265776722,0.986415771460831,0.998147182954702,0.99933985308167,0.954279108530618,0.934232613158242,0.932813566395062,0.944055235374541,NaN,NaN,NaN,NaN,NaN,NaN,NaN,NaN,NaN,NaN,NaN,NaN,NaN,NaN,NaN,NaN,NaN,NaN,NaN,NaN,NaN,NaN,NaN,NaN,NaN,NaN,NaN,NaN,NaN,NaN,NaN,NaN,NaN,NaN,NaN,NaN,NaN,NaN,NaN,NaN,NaN,NaN,NaN,NaN,NaN,NaN,NaN,NaN,NaN,NaN,NaN,NaN,NaN,NaN,NaN,NaN,NaN,NaN,NaN,NaN,NaN,NaN
r_1054,0.610868079419258,0.872897869106893,0.872897869106893,NaN,0.872848363248275,0.700623602958115,0.703736384817351,0.602208050531953,0.603180683701304,NaN,0.611408762409258,NaN,NaN,1,0.903036606166716,NaN,NaN,NaN,NaN,NaN,NaN,NaN,NaN,NaN,NaN,NaN,NaN,NaN,NaN,NaN,NaN,NaN,NaN,NaN,NaN,NaN,NaN,NaN,NaN,NaN,NaN,NaN,NaN,NaN,NaN,NaN,NaN,NaN,NaN,NaN,NaN,NaN,NaN,NaN,NaN,NaN,NaN,NaN,NaN,NaN,NaN,NaN,NaN,NaN,NaN,NaN,NaN,NaN,NaN,NaN,NaN,NaN,NaN,NaN,NaN,NaN,NaN,NaN,NaN,NaN,NaN,NaN,NaN
r_1074,0.783582228267698,1,1,0.890574614351496,0.887920140600251,NaN,0.662100367324077,NaN,0.644105036804545,0.404541056358212,NaN,NaN,NaN,0.363583988241081,0.134646348778639,0.0155513376510006,-0.0821846415017402,-0.404516744926804,0.57754575220613,NaN,NaN,NaN,NaN,NaN,NaN,NaN,NaN,NaN,NaN,NaN,NaN,NaN,NaN,NaN,NaN,NaN,NaN,NaN,NaN,NaN,NaN,NaN,NaN,NaN,NaN,NaN,NaN,NaN,NaN,NaN,NaN,NaN,NaN,NaN,NaN,NaN,NaN,NaN,NaN,NaN,NaN,NaN,NaN,NaN,NaN,NaN,NaN,NaN,NaN,NaN,NaN,NaN,NaN,NaN,NaN,NaN,NaN,NaN,NaN,NaN,NaN,NaN,NaN
r_1088,0.826571348598467,0.691976591845797,0.826571348598467,NaN,0.692737878640738,0.707699856893671,0.868624474840114,0.858178957748772,0.87602261560658,NaN,0.938160755124626,0.959602145408684,0.988276610625131,1,0.996470547697991,NaN,NaN,NaN,NaN,NaN,NaN,NaN,NaN,NaN,NaN,NaN,NaN,NaN,NaN,NaN,NaN,NaN,NaN,NaN,NaN,NaN,NaN,NaN,NaN,NaN,NaN,NaN,NaN,NaN,NaN,NaN,NaN,NaN,NaN,NaN,NaN,NaN,NaN,NaN,NaN,NaN,NaN,NaN,NaN,NaN,NaN,NaN,NaN,NaN,NaN,NaN,NaN,NaN,NaN,NaN,NaN,NaN,NaN,NaN,NaN,NaN,NaN,NaN,NaN,NaN,NaN,NaN,NaN
r_1106,-0.73777088245633,0,0.211646506774069,-0.517863377937239,-1.04731779664272,-0.976848535524912,-0.242133299906941,-0.242874103725982,0.570378252417766,0.579502683008358,NaN,NaN,0.648605923112265,0.981740122651817,1,NaN,NaN,NaN,NaN,NaN,NaN,NaN,NaN,NaN,NaN,NaN,NaN,NaN,NaN,NaN,NaN,NaN,NaN,NaN,NaN,NaN,NaN,NaN,NaN,NaN,NaN,NaN,NaN,NaN,NaN,NaN,NaN,NaN,NaN,NaN,NaN,NaN,NaN,NaN,NaN,NaN,NaN,NaN,NaN,NaN,NaN,NaN,NaN,NaN,NaN,NaN,NaN,NaN,NaN,NaN,NaN,NaN,NaN,NaN,NaN,NaN,NaN,NaN,NaN,NaN,NaN,NaN,NaN
r_1115,0.698158147738497,0,0.698158147738497,NaN,0.705882266271775,NaN,NaN,NaN,0.831242181416326,0.900178055849108,0.908576452005937,NaN,NaN,0.892542340686021,1,0.953772068614192,0.761900553029428,0.76656396200494,0.814218044597908,NaN,NaN,NaN,NaN,NaN,NaN,NaN,NaN,NaN,NaN,NaN,NaN,NaN,NaN,NaN,NaN,NaN,NaN,NaN,NaN,NaN,NaN,NaN,NaN,NaN,NaN,NaN,NaN,NaN,NaN,NaN,NaN,NaN,NaN,NaN,NaN,NaN,NaN,NaN,NaN,NaN,NaN,NaN,NaN,NaN,NaN,NaN,NaN,NaN,NaN,NaN,NaN,NaN,NaN,NaN,NaN,NaN,NaN,NaN,NaN,NaN,NaN,NaN,NaN
r_1166,0.919123978981032,0,0.919123978981032,NaN,0.920396257521387,0.927931653263249,0.930682675250525,0.919402338927128,0.91534654241433,0.90719216688352,0.905557507351898,0.887769036950754,NaN,NaN,NaN,0.88040145568478,0.881545457873512,0.947520890383497,0.968552250625774,1,NaN,NaN,NaN,NaN,NaN,NaN,NaN,NaN,NaN,NaN,NaN,NaN,NaN,NaN,NaN,NaN,NaN,NaN,NaN,NaN,NaN,NaN,NaN,NaN,NaN,NaN,NaN,NaN,NaN,NaN,NaN,NaN,NaN,NaN,NaN,NaN,NaN,NaN,NaN,NaN,NaN,NaN,NaN,NaN,NaN,NaN,NaN,NaN,NaN,NaN,NaN,NaN,NaN,NaN,NaN,NaN,NaN,NaN,NaN,NaN,NaN,NaN,NaN
r_1211,0.957724269329656,0,NaN,NaN,NaN,NaN,NaN,NaN,NaN,NaN,NaN,NaN,NaN,NaN,NaN,NaN,NaN,NaN,NaN,NaN,NaN,NaN,0.969894352298973,NaN,0.967477186096086,NaN,NaN,NaN,NaN,NaN,NaN,NaN,NaN,0.975637052301156,NaN,NaN,NaN,NaN,NaN,NaN,NaN,NaN,NaN,0.96747409006551,NaN,NaN,NaN,NaN,NaN,NaN,0.96630028276383,0.967473831074048,NaN,0.970547564812866,NaN,0.967177441975314,0.995028228019135,NaN,NaN,NaN,0.967473897652697,0.949851902496249,0.956004404101853,0.967473451145832,NaN,0.995028286474667,1,NaN,NaN,NaN,0.954816738394668,NaN,0.966574677801521,0.975214314488311,0.954337313456563,0.970558108927984,0.960397558697821,0.960445698892127,0.975215978295655,NaN,NaN,NaN,NaN
r_1237,0.867548506875826,0,0.867548506875826,0,NaN,1,NaN,0.987556414376864,NaN,0.952500636869091,0.861304820811783,0.863410885559695,NaN,0.908146531599201,0.948935564883089,0.949100946267777,NaN,NaN,NaN,NaN,NaN,NaN,NaN,NaN,NaN,NaN,NaN,NaN,NaN,NaN,NaN,NaN,NaN,NaN,NaN,NaN,NaN,NaN,NaN,NaN,NaN,NaN,NaN,NaN,NaN,NaN,NaN,NaN,NaN,NaN,NaN,NaN,NaN,NaN,NaN,NaN,NaN,NaN,NaN,NaN,NaN,NaN,NaN,NaN,NaN,NaN,NaN,NaN,NaN,NaN,NaN,NaN,NaN,NaN,NaN,NaN,NaN,NaN,NaN,NaN,NaN,NaN,NaN
r_1272,0.998603658859011,0,NaN,NaN,NaN,NaN,NaN,NaN,NaN,NaN,NaN,NaN,NaN,NaN,NaN,NaN,NaN,NaN,NaN,NaN,0.995642433409847,NaN,NaN,NaN,NaN,NaN,NaN,NaN,NaN,NaN,NaN,NaN,NaN,NaN,NaN,NaN,NaN,NaN,NaN,0.995806775381451,NaN,NaN,NaN,NaN,NaN,NaN,NaN,0.988063839643548,NaN,NaN,0.985174149933701,NaN,0.995806775205801,NaN,0.993808743289494,NaN,0.981854459773419,NaN,NaN,NaN,NaN,0.995806781101765,NaN,NaN,NaN,0.984752452670907,NaN,NaN,0.987773847025381,0.987697609127975,NaN,0.995804595236363,0.985518779872139,NaN,0.995806647600514,NaN,0.9870567582129,0.975340395731418,0.995806829493571,0.995806777054182,NaN,0.998977715421215,NaN
r_1585,0.77539487979007,0,0.77539487979007,1,NaN,0.978027254367935,NaN,0.749213958444954,0.667942893305759,NaN,0.689021282446349,0.798606588464131,0.804378492609411,0.828118443784897,0.969853128346159,0.979275010034491,NaN,NaN,NaN,NaN,NaN,NaN,NaN,NaN,NaN,NaN,NaN,NaN,NaN,NaN,NaN,NaN,NaN,NaN,NaN,NaN,NaN,NaN,NaN,NaN,NaN,NaN,NaN,NaN,NaN,NaN,NaN,NaN,NaN,NaN,NaN,NaN,NaN,NaN,NaN,NaN,NaN,NaN,NaN,NaN,NaN,NaN,NaN,NaN,NaN,NaN,NaN,NaN,NaN,NaN,NaN,NaN,NaN,NaN,NaN,NaN,NaN,NaN,NaN,NaN,NaN,NaN,NaN
r_1633,0.992630037545399,0,0.992630037545399,1,0.999717802993873,0.976242962438594,0.950985923524433,NaN,0.364299413587725,0.542317409364775,NaN,0.840811498282511,0.785090714849197,0.786033884986549,0.796318658609195,NaN,NaN,NaN,NaN,NaN,NaN,NaN,NaN,NaN,NaN,NaN,NaN,NaN,NaN,NaN,NaN,NaN,NaN,NaN,NaN,NaN,NaN,NaN,NaN,NaN,NaN,NaN,NaN,NaN,NaN,NaN,NaN,NaN,NaN,NaN,NaN,NaN,NaN,NaN,NaN,NaN,NaN,NaN,NaN,NaN,NaN,NaN,NaN,NaN,NaN,NaN,NaN,NaN,NaN,NaN,NaN,NaN,NaN,NaN,NaN,NaN,NaN,NaN,NaN,NaN,NaN,NaN,NaN
r_1748,-0.318737085830812,0,0,-0.269614442869771,-0.274336101605172,NaN,NaN,NaN,-0.273546888886377,NaN,-0.272833372282387,NaN,-0.272268236314367,NaN,-0.271047718530773,0.14547767820287,NaN,0.0698206905730922,NaN,0.854993822781926,0.945139697055107,1,0.81117307719553,0.301426576191956,NaN,0.586734743500877,NaN,NaN,NaN,NaN,NaN,NaN,NaN,NaN,NaN,NaN,NaN,NaN,NaN,NaN,NaN,NaN,NaN,NaN,NaN,NaN,NaN,NaN,NaN,NaN,NaN,NaN,NaN,NaN,NaN,NaN,NaN,NaN,NaN,NaN,NaN,NaN,NaN,NaN,NaN,NaN,NaN,NaN,NaN,NaN,NaN,NaN,NaN,NaN,NaN,NaN,NaN,NaN,NaN,NaN,NaN,NaN,NaN
r_1762,0.269017784239729,0,0.269017784239729,0.229754794423961,-0.400885136114002,-0.514142168510364,0.848057587316833,0.871120319071081,NaN,0.82288010866161,NaN,0.821757421727996,0.72889275692824,NaN,0.863979895536509,0.654788467373882,1,NaN,NaN,NaN,NaN,NaN,NaN,NaN,NaN,NaN,NaN,NaN,NaN,NaN,NaN,NaN,NaN,NaN,NaN,NaN,NaN,NaN,NaN,NaN,NaN,NaN,NaN,NaN,NaN,NaN,NaN,NaN,NaN,NaN,NaN,NaN,NaN,NaN,NaN,NaN,NaN,NaN,NaN,NaN,NaN,NaN,NaN,NaN,NaN,NaN,NaN,NaN,NaN,NaN,NaN,NaN,NaN,NaN,NaN,NaN,NaN,NaN,NaN,NaN,NaN,NaN,NaN
r_1838,0.806110709254629,0.444444873675906,0.806110709254629,0.438832012012953,0.421985061908178,NaN,0.916459088220598,NaN,0.851236262689438,NaN,0.879027516903947,NaN,0.957715191392468,1,0.526513665144448,0.556024795940957,0.689434156842866,0.919083529202129,0.669947426232987,0.690831944122925,NaN,NaN,NaN,NaN,NaN,NaN,NaN,NaN,NaN,NaN,NaN,NaN,NaN,NaN,NaN,NaN,NaN,NaN,NaN,NaN,NaN,NaN,NaN,NaN,NaN,NaN,NaN,NaN,NaN,NaN,NaN,NaN,NaN,NaN,NaN,NaN,NaN,NaN,NaN,NaN,NaN,NaN,NaN,NaN,NaN,NaN,NaN,NaN,NaN,NaN,NaN,NaN,NaN,NaN,NaN,NaN,NaN,NaN,NaN,NaN,NaN,NaN,NaN
r_1887,0.864827552187597,0,0.864827552187597,NaN,0.607098848687075,NaN,1,0.837017949093132,NaN,0.829209271041229,0.790994893594531,0.799397559255506,0.821941532449839,NaN,0.899122896006275,0.506501438266051,0.521067914354136,0.50993054624117,0.496415489574597,0.49652599079175,0.519357790736601,NaN,NaN,NaN,NaN,NaN,NaN,NaN,NaN,NaN,NaN,NaN,NaN,NaN,NaN,NaN,NaN,NaN,NaN,NaN,NaN,NaN,NaN,NaN,NaN,NaN,NaN,NaN,NaN,NaN,NaN,NaN,NaN,NaN,NaN,NaN,NaN,NaN,NaN,NaN,NaN,NaN,NaN,NaN,NaN,NaN,NaN,NaN,NaN,NaN,NaN,NaN,NaN,NaN,NaN,NaN,NaN,NaN,NaN,NaN,NaN,NaN,NaN
r_1932,-0.857628906162827,0,-0.857628906162827,NaN,0,NaN,-0.294823765279218,NaN,0.367799498662797,-0.810623031178005,NaN,-0.81486830065826,-0.749258556505495,-0.74458042492903,NaN,NaN,0.457607729433076,0.741934278270297,NaN,0.846626158877667,0.931614276280304,0.803676532691795,0.913777683936608,NaN,NaN,1,0.913517281283839,0.633330467467548,0.65606603069535,NaN,NaN,NaN,NaN,NaN,NaN,NaN,NaN,NaN,NaN,NaN,NaN,NaN,NaN,NaN,NaN,NaN,NaN,NaN,NaN,NaN,NaN,NaN,NaN,NaN,NaN,NaN,NaN,NaN,NaN,NaN,NaN,NaN,NaN,NaN,NaN,NaN,NaN,NaN,NaN,NaN,NaN,NaN,NaN,NaN,NaN,NaN,NaN,NaN,NaN,NaN,NaN,NaN,NaN
r_1936,0.881000549907069,0,0.914517124051271,NaN,0.977156127806536,0.975601063241894,0.977203509197785,0.967690193112482,0.876317318309346,0.873386983782068,0.855321803101312,0.776574147935667,0.999432430494782,1,NaN,NaN,NaN,NaN,NaN,NaN,NaN,NaN,NaN,NaN,NaN,NaN,NaN,NaN,NaN,NaN,NaN,NaN,NaN,NaN,NaN,NaN,NaN,NaN,NaN,NaN,NaN,NaN,NaN,NaN,NaN,NaN,NaN,NaN,NaN,NaN,NaN,NaN,NaN,NaN,NaN,NaN,NaN,NaN,NaN,NaN,NaN,NaN,NaN,NaN,NaN,NaN,NaN,NaN,NaN,NaN,NaN,NaN,NaN,NaN,NaN,NaN,NaN,NaN,NaN,NaN,NaN,NaN,NaN
r_2034,0.703739244381226,0,0.703739244381226,0.920968022728862,0.958558433410778,0.90834366277181,NaN,1,0.66038296715774,0.409011993956483,0.437980912357571,0.284357486752482,0.477011034464913,0.381725847701857,NaN,NaN,NaN,NaN,NaN,NaN,NaN,NaN,NaN,NaN,NaN,NaN,NaN,NaN,NaN,NaN,NaN,NaN,NaN,NaN,NaN,NaN,NaN,NaN,NaN,NaN,NaN,NaN,NaN,NaN,NaN,NaN,NaN,NaN,NaN,NaN,NaN,NaN,NaN,NaN,NaN,NaN,NaN,NaN,NaN,NaN,NaN,NaN,NaN,NaN,NaN,NaN,NaN,NaN,NaN,NaN,NaN,NaN,NaN,NaN,NaN,NaN,NaN,NaN,NaN,NaN,NaN,NaN,NaN
r_2057,-0.100921593514438,0,0,-0.0782884041986814,-0.264059891859316,-0.210788368186846,-0.19297172366355,-0.251579795498579,NaN,-0.167754458415969,-0.602308392044786,0.753745440203851,0.779112577514815,1,0.622779184292359,NaN,NaN,NaN,NaN,NaN,NaN,NaN,NaN,NaN,NaN,NaN,NaN,NaN,NaN,NaN,NaN,NaN,NaN,NaN,NaN,NaN,NaN,NaN,NaN,NaN,NaN,NaN,NaN,NaN,NaN,NaN,NaN,NaN,NaN,NaN,NaN,NaN,NaN,NaN,NaN,NaN,NaN,NaN,NaN,NaN,NaN,NaN,NaN,NaN,NaN,NaN,NaN,NaN,NaN,NaN,NaN,NaN,NaN,NaN,NaN,NaN,NaN,NaN,NaN,NaN,NaN,NaN,NaN
r_2093,0.778733636801577,0,0.778733636801577,1,0.996880376674151,0.812976056202233,NaN,0.833564525948984,NaN,0.799908357539207,0.857773124281865,NaN,0.93393330754758,0.98774917589971,0.958698361809415,NaN,NaN,NaN,NaN,NaN,NaN,NaN,NaN,NaN,NaN,NaN,NaN,NaN,NaN,NaN,NaN,NaN,NaN,NaN,NaN,NaN,NaN,NaN,NaN,NaN,NaN,NaN,NaN,NaN,NaN,NaN,NaN,NaN,NaN,NaN,NaN,NaN,NaN,NaN,NaN,NaN,NaN,NaN,NaN,NaN,NaN,NaN,NaN,NaN,NaN,NaN,NaN,NaN,NaN,NaN,NaN,NaN,NaN,NaN,NaN,NaN,NaN,NaN,NaN,NaN,NaN,NaN,NaN
r_2140,0.533564886284493,-0.0937175373482712,0.533564886284493,-0.0932532448623133,0.348623031760515,NaN,0.351073744643721,0.638521333898187,NaN,0.597292256700076,0.550811439077599,0.220686489303758,0.378775526207124,0.197778757182419,0.294265751438071,1,0.301765426089717,NaN,NaN,NaN,NaN,NaN,NaN,NaN,NaN,NaN,NaN,NaN,NaN,NaN,NaN,NaN,NaN,NaN,NaN,NaN,NaN,NaN,NaN,NaN,NaN,NaN,NaN,NaN,NaN,NaN,NaN,NaN,NaN,NaN,NaN,NaN,NaN,NaN,NaN,NaN,NaN,NaN,NaN,NaN,NaN,NaN,NaN,NaN,NaN,NaN,NaN,NaN,NaN,NaN,NaN,NaN,NaN,NaN,NaN,NaN,NaN,NaN,NaN,NaN,NaN,NaN,NaN
r_2141,0.566814167652064,-0.644272114631467,0.566814167652064,-0.642031458044679,0.3942691121926,NaN,0.395500173867778,0.666085662199138,NaN,0.613837344398342,0.583267951043405,0.0795651310024274,0.439760667057249,0.206882841366729,0.083025713857965,1,0.232788649992998,NaN,NaN,NaN,NaN,NaN,NaN,NaN,NaN,NaN,NaN,NaN,NaN,NaN,NaN,NaN,NaN,NaN,NaN,NaN,NaN,NaN,NaN,NaN,NaN,NaN,NaN,NaN,NaN,NaN,NaN,NaN,NaN,NaN,NaN,NaN,NaN,NaN,NaN,NaN,NaN,NaN,NaN,NaN,NaN,NaN,NaN,NaN,NaN,NaN,NaN,NaN,NaN,NaN,NaN,NaN,NaN,NaN,NaN,NaN,NaN,NaN,NaN,NaN,NaN,NaN,NaN
cstm_s_1269_TCE,0.785868778692868,0,0.785868778692868,0.441762080147608,0.829738596033807,NaN,0.92764528789674,0.935395568931483,1,0.765862707924852,0.76939041939063,NaN,0.747098725257018,0.785493124992151,0.759837680834959,0.716898542126259,0.711890473406314,0.704611313852311,NaN,NaN,NaN,NaN,NaN,NaN,NaN,NaN,NaN,NaN,NaN,NaN,NaN,NaN,NaN,NaN,NaN,NaN,NaN,NaN,NaN,NaN,NaN,NaN,NaN,NaN,NaN,NaN,NaN,NaN,NaN,NaN,NaN,NaN,NaN,NaN,NaN,NaN,NaN,NaN,NaN,NaN,NaN,NaN,NaN,NaN,NaN,NaN,NaN,NaN,NaN,NaN,NaN,NaN,NaN,NaN,NaN,NaN,NaN,NaN,NaN,NaN,NaN,NaN,NaN
